Source	Target	Weight
1	2	1
1	3	1
1	4	1
1	5	1
1	6	1
1	7	1
1	8	1
1	9	0.5
1	10	1
1	11	1
1	12	1
1	13	0.5
1	14	1
1	15	1
1	16	1
1	17	1
1	18	1
1	19	1
1	20	1
1	21	1
1	22	1
1	23	1
1	24	1
1	25	1
1	26	1
1	27	1
1	28	1
1	29	1
2	3	1
2	4	1
2	5	1
2	6	1
2	7	1
2	8	1
2	9	0.5
2	10	1
2	11	1
2	12	1
2	13	0.5
2	14	1
2	15	1
2	16	1
2	17	1
2	18	1
2	19	1
2	20	1
2	21	1
2	22	1
2	23	1
2	24	1
2	25	1
2	26	1
2	27	1
2	28	1
2	29	1
3	4	1
3	5	1
3	6	1
3	7	1
3	8	1
3	9	0.5
3	10	1
3	11	1
3	12	1
3	13	0.5
3	14	1
3	15	1
3	16	1
3	17	1
3	18	1
3	19	1
3	20	1
3	21	1
3	22	1
3	23	1
3	24	1
3	25	1
3	26	1
3	27	1
3	28	1
3	29	1
4	5	1
4	6	1
4	7	1
4	8	1
4	9	0.5
4	10	1
4	11	1
4	12	1
4	13	0.5
4	14	1
4	15	1
4	16	1
4	17	1
4	18	1
4	19	1
4	20	1
4	21	1
4	22	1
4	23	1
4	24	1
4	25	1
4	26	1
4	27	1
4	28	1
4	29	1
5	6	1
5	7	1
5	8	1
5	9	0.5
5	10	1
5	11	1
5	12	1
5	13	0.5
5	14	1
5	15	1
5	16	1
5	17	1
5	18	1
5	19	1
5	20	1
5	21	1
5	22	1
5	23	1
5	24	1
5	25	1
5	26	1
5	27	1
5	28	1
5	29	1
6	7	1
6	8	1
6	9	0.5
6	10	1
6	11	1
6	12	1
6	13	0.5
6	14	1
6	15	1
6	16	1
6	17	1
6	18	1
6	19	1
6	20	1
6	21	1
6	22	1
6	23	1
6	24	1
6	25	1
6	26	1
6	27	1
6	28	1
6	29	1
7	8	1
7	9	0.5
7	10	1
7	11	1
7	12	1
7	13	0.5
7	14	1
7	15	1
7	16	1
7	17	1
7	18	1
7	19	1
7	20	1
7	21	1
7	22	1
7	23	1
7	24	1
7	25	1
7	26	1
7	27	1
7	28	1
7	29	1
8	9	0.5
8	10	1
8	11	1
8	12	1
8	13	0.5
8	14	1
8	15	1
8	16	1
8	17	1
8	18	1
8	19	1
8	20	1
8	21	1
8	22	1
8	23	1
8	24	1
8	25	1
8	26	1
8	27	1
8	28	1
8	29	1
9	10	0.5
9	11	0.5
9	12	0.5
9	13	0.5
9	14	0.5
9	15	0.5
9	16	0.5
9	17	0.5
9	18	0.5
9	19	0.5
9	20	0.5
9	21	0.5
9	22	0.5
9	23	0.5
9	24	0.5
9	25	0.5
9	26	0.5
9	27	0.5
9	28	0.5
9	29	0.5
10	11	1
10	12	1
10	13	0.5
10	14	1
10	15	1
10	16	1
10	17	1
10	18	1
10	19	1
10	20	1
10	21	1
10	22	1
10	23	1
10	24	1
10	25	1
10	26	1
10	27	1
10	28	1
10	29	1
11	12	1
11	13	0.5
11	14	1
11	15	1
11	16	1
11	17	1
11	18	1
11	19	1
11	20	1
11	21	1
11	22	1
11	23	1
11	24	1
11	25	1
11	26	1
11	27	1
11	28	1
11	29	1
12	13	0.5
12	14	1
12	15	1
12	16	1
12	17	1
12	18	1
12	19	1
12	20	1
12	21	1
12	22	1
12	23	1
12	24	1
12	25	1
12	26	1
12	27	1
12	28	1
12	29	1
13	14	0.5
13	15	0.5
13	16	0.5
13	17	0.5
13	18	0.5
13	19	0.5
13	20	0.5
13	21	0.5
13	22	0.5
13	23	0.5
13	24	0.5
13	25	0.5
13	26	0.5
13	27	0.5
13	28	0.5
13	29	0.5
14	15	1
14	16	1
14	17	1
14	18	1
14	19	1
14	20	1
14	21	1
14	22	1
14	23	1
14	24	1
14	25	1
14	26	1
14	27	1
14	28	1
14	29	1
15	16	1
15	17	1
15	18	1
15	19	1
15	20	1
15	21	1
15	22	1
15	23	1
15	24	1
15	25	1
15	26	1
15	27	1
15	28	1
15	29	1
16	17	1
16	18	1
16	19	1
16	20	1
16	21	1
16	22	1
16	23	1
16	24	1
16	25	1
16	26	1
16	27	1
16	28	1
16	29	1
17	18	1
17	19	1
17	20	1
17	21	1
17	22	1
17	23	1
17	24	1
17	25	1
17	26	1
17	27	1
17	28	1
17	29	1
18	19	1
18	20	1
18	21	1
18	22	1
18	23	1
18	24	1
18	25	1
18	26	1
18	27	1
18	28	1
18	29	1
19	20	1
19	21	1
19	22	1
19	23	1
19	24	1
19	25	1
19	26	1
19	27	1
19	28	1
19	29	1
20	21	1
20	22	1
20	23	1
20	24	1
20	25	1
20	26	1
20	27	1
20	28	1
20	29	1
21	22	1
21	23	1
21	24	1
21	25	1
21	26	1
21	27	1
21	28	1
21	29	1
22	23	1
22	24	1
22	25	1
22	26	1
22	27	1
22	28	1
22	29	1
23	24	1
23	25	1
23	26	1
23	27	1
23	28	1
23	29	1
24	25	1
24	26	1
24	27	1
24	28	1
24	29	1
25	26	1
25	27	1
25	28	1
25	29	1
26	27	1
26	28	1
26	29	1
27	28	1
27	29	1
28	29	1
30	31	1
30	32	1
30	33	1
30	34	1
30	35	1
30	36	1
30	37	1
30	38	1
30	39	1
30	40	1
30	41	1
30	42	1
30	43	1
30	44	1
30	45	1
30	46	1
30	47	1
30	48	1
30	49	0.5
30	50	1
30	51	1
30	52	1
30	53	1
30	54	1
31	32	1
31	33	1
31	34	1
31	35	1
31	36	1
31	37	1
31	38	1
31	39	1
31	40	1
31	41	1
31	42	1
31	43	1
31	44	1
31	45	1
31	46	1
31	47	1
31	48	1
31	49	0.5
31	50	1
31	51	1
31	52	1
31	53	1
31	54	1
32	33	1
32	34	1
32	35	1
32	36	1
32	37	1
32	38	1
32	39	1
32	40	1
32	41	1
32	42	1
32	43	1
32	44	1
32	45	1
32	46	1
32	47	1
32	48	1
32	49	0.5
32	50	1
32	51	1
32	52	1
32	53	1
32	54	1
33	34	1
33	35	1
33	36	1
33	37	1
33	38	1
33	39	1
33	40	1
33	41	1
33	42	1
33	43	1
33	44	1
33	45	1
33	46	1
33	47	1
33	48	1
33	49	0.5
33	50	1
33	51	1
33	52	1
33	53	1
33	54	1
34	35	1
34	36	1
34	37	1
34	38	1
34	39	1
34	40	1
34	41	1
34	42	1
34	43	1
34	44	1
34	45	1
34	46	1
34	47	1
34	48	1
34	49	0.5
34	50	1
34	51	1
34	52	1
34	53	1
34	54	1
35	36	1
35	37	1
35	38	1
35	39	1
35	40	1
35	41	1
35	42	1
35	43	1
35	44	1
35	45	1
35	46	1
35	47	1
35	48	1
35	49	0.5
35	50	1
35	51	1
35	52	1
35	53	1
35	54	1
36	37	1
36	38	1
36	39	1
36	40	1
36	41	1
36	42	1
36	43	1
36	44	1
36	45	1
36	46	1
36	47	1
36	48	1
36	49	0.5
36	50	1
36	51	1
36	52	1
36	53	1
36	54	1
37	38	1
37	39	1
37	40	1
37	41	1
37	42	1
37	43	1
37	44	1
37	45	1
37	46	1
37	47	1
37	48	1
37	49	0.5
37	50	1
37	51	1
37	52	1
37	53	1
37	54	1
38	39	1
38	40	1
38	41	1
38	42	1
38	43	1
38	44	1
38	45	1
38	46	1
38	47	1
38	48	1
38	49	0.5
38	50	1
38	51	1
38	52	1
38	53	1
38	54	1
39	40	1
39	41	1
39	42	1
39	43	1
39	44	1
39	45	1
39	46	1
39	47	1
39	48	1
39	49	0.5
39	50	1
39	51	1
39	52	1
39	53	1
39	54	1
40	41	1
40	42	1
40	43	1
40	44	1
40	45	1
40	46	1
40	47	1
40	48	1
40	49	0.5
40	50	1
40	51	1
40	52	1
40	53	1
40	54	1
41	42	1
41	43	1
41	44	1
41	45	1
41	46	1
41	47	1
41	48	1
41	49	0.5
41	50	1
41	51	1
41	52	1
41	53	1
41	54	1
42	43	1
42	44	1
42	45	1
42	46	1
42	47	1
42	48	1
42	49	0.5
42	50	1
42	51	1
42	52	1
42	53	1
42	54	1
43	44	1
43	45	1
43	46	1
43	47	1
43	48	1
43	49	0.5
43	50	1
43	51	1
43	52	1
43	53	1
43	54	1
44	45	1
44	46	1
44	47	1
44	48	1
44	49	0.5
44	50	1
44	51	1
44	52	1
44	53	1
44	54	1
45	46	1
45	47	1
45	48	1
45	49	0.5
45	50	1
45	51	1
45	52	1
45	53	1
45	54	1
46	47	1
46	48	1
46	49	0.5
46	50	1
46	51	1
46	52	1
46	53	1
46	54	1
47	48	1
47	49	0.5
47	50	1
47	51	1
47	52	1
47	53	1
47	54	1
48	49	0.5
48	50	1
48	51	1
48	52	1
48	53	1
48	54	1
49	50	0.5
49	51	0.5
49	52	0.5
49	53	0.5
49	54	0.5
50	51	1
50	52	1
50	53	1
50	54	1
51	52	1
51	53	1
51	54	1
52	53	1
52	54	1
53	54	1
55	56	1
55	57	1
55	58	1
55	59	1
55	60	1
55	61	0.5
55	62	1
55	63	1
55	64	1
55	65	0.5
55	66	0.5
55	67	1
55	68	1
55	69	1
55	70	1
55	71	1
55	72	1
55	73	1
55	74	1
55	75	1
55	76	1
55	77	0.5
55	78	1
55	79	1
56	57	1
56	58	1
56	59	1
56	60	1
56	61	0.5
56	62	1
56	63	1
56	64	1
56	65	0.5
56	66	0.5
56	67	1
56	68	1
56	69	1
56	70	1
56	71	1
56	72	1
56	73	1
56	74	1
56	75	1
56	76	1
56	77	0.5
56	78	1
56	79	1
57	58	1
57	59	1
57	60	1
57	61	0.5
57	62	1
57	63	1
57	64	1
57	65	0.5
57	66	0.5
57	67	1
57	68	1
57	69	1
57	70	1
57	71	1
57	72	1
57	73	1
57	74	1
57	75	1
57	76	1
57	77	0.5
57	78	1
57	79	1
58	59	1
58	60	1
58	61	0.5
58	62	1
58	63	1
58	64	1
58	65	0.5
58	66	0.5
58	67	1
58	68	1
58	69	1
58	70	1
58	71	1
58	72	1
58	73	1
58	74	1
58	75	1
58	76	1
58	77	0.5
58	78	1
58	79	1
59	60	1
59	61	0.5
59	62	1
59	63	1
59	64	1
59	65	0.5
59	66	0.5
59	67	1
59	68	1
59	69	1
59	70	1
59	71	1
59	72	1
59	73	1
59	74	1
59	75	1
59	76	1
59	77	0.5
59	78	1
59	79	1
60	61	0.5
60	62	1
60	63	1
60	64	1
60	65	0.5
60	66	0.5
60	67	1
60	68	1
60	69	1
60	70	1
60	71	1
60	72	1
60	73	1
60	74	1
60	75	1
60	76	1
60	77	0.5
60	78	1
60	79	1
61	62	0.5
61	63	0.5
61	64	0.5
61	65	0.5
61	66	0.5
61	67	0.5
61	68	0.5
61	69	0.5
61	70	0.5
61	71	0.5
61	72	0.5
61	73	0.5
61	74	0.5
61	75	0.5
61	76	0.5
61	77	1
61	78	0.5
61	79	0.5
62	63	1
62	64	1
62	65	0.5
62	66	0.5
62	67	1
62	68	1
62	69	1
62	70	1
62	71	1
62	72	1
62	73	1
62	74	1
62	75	1
62	76	1
62	77	0.5
62	78	1
62	79	1
63	64	1
63	65	0.5
63	66	0.5
63	67	1
63	68	1
63	69	1
63	70	1
63	71	1
63	72	1
63	73	1
63	74	1
63	75	1
63	76	1
63	77	0.5
63	78	1
63	79	1
64	65	0.5
64	66	0.5
64	67	1
64	68	1
64	69	1
64	70	1
64	71	1
64	72	1
64	73	1
64	74	1
64	75	1
64	76	1
64	77	0.5
64	78	1
64	79	1
65	66	1
65	67	0.5
65	68	0.5
65	69	0.5
65	70	0.5
65	71	0.5
65	72	0.5
65	73	0.5
65	74	0.5
65	75	0.5
65	76	0.5
65	77	0.5
65	78	0.5
65	79	0.5
66	67	0.5
66	68	0.5
66	69	0.5
66	70	0.5
66	71	0.5
66	72	0.5
66	73	0.5
66	74	0.5
66	75	0.5
66	76	0.5
66	77	0.5
66	78	0.5
66	79	0.5
67	68	1
67	69	1
67	70	1
67	71	1
67	72	1
67	73	1
67	74	1
67	75	1
67	76	1
67	77	0.5
67	78	1
67	79	1
68	69	1
68	70	1
68	71	1
68	72	1
68	73	1
68	74	1
68	75	1
68	76	1
68	77	0.5
68	78	1
68	79	1
69	70	1
69	71	1
69	72	1
69	73	1
69	74	1
69	75	1
69	76	1
69	77	0.5
69	78	1
69	79	1
70	71	1
70	72	1
70	73	1
70	74	1
70	75	1
70	76	1
70	77	0.5
70	78	1
70	79	1
71	72	1
71	73	1
71	74	1
71	75	1
71	76	1
71	77	0.5
71	78	1
71	79	1
72	73	1
72	74	1
72	75	1
72	76	1
72	77	0.5
72	78	1
72	79	1
73	74	1
73	75	1
73	76	1
73	77	0.5
73	78	1
73	79	1
74	75	1
74	76	1
74	77	0.5
74	78	1
74	79	1
75	76	1
75	77	0.5
75	78	1
75	79	1
76	77	0.5
76	78	1
76	79	1
77	78	0.5
77	79	0.5
78	79	1
80	81	1
80	82	1
80	83	1
80	84	1
80	85	1
80	86	1
80	87	1
80	88	1
80	89	1
80	90	1
80	91	1
80	92	1
80	93	1
80	94	1
80	95	0.5
80	96	1
80	65	0.5
80	97	0.5
80	66	0.5
80	98	1
80	99	1
80	100	1
80	101	1
80	102	1
80	103	1
80	104	1
80	105	1
80	106	1
80	107	1
80	108	1
80	109	1
81	82	1
81	83	1
81	84	1
81	85	1
81	86	1
81	87	1
81	88	1
81	89	1
81	90	1
81	91	1
81	92	1
81	93	1
81	94	1
81	95	0.5
81	96	1
81	65	0.5
81	97	0.5
81	66	0.5
81	98	1
81	99	1
81	100	1
81	101	1
81	102	1
81	103	1
81	104	1
81	105	1
81	106	1
81	107	1
81	108	1
81	109	1
82	83	1
82	84	1
82	85	1
82	86	1
82	87	1
82	88	1
82	89	1
82	90	1
82	91	1
82	92	1
82	93	1
82	94	1
82	95	0.5
82	96	1
82	65	0.5
82	97	0.5
82	66	0.5
82	98	1
82	99	1
82	100	1
82	101	1
82	102	1
82	103	1
82	104	1
82	105	1
82	106	1
82	107	1
82	108	1
82	109	1
83	84	1
83	85	1
83	86	1
83	87	1
83	88	1
83	89	1
83	90	1
83	91	1
83	92	1
83	93	1
83	94	1
83	95	0.5
83	96	1
83	65	0.5
83	97	0.5
83	66	0.5
83	98	1
83	99	1
83	100	1
83	101	1
83	102	1
83	103	1
83	104	1
83	105	1
83	106	1
83	107	1
83	108	1
83	109	1
84	85	1
84	86	1
84	87	1
84	88	1
84	89	1
84	90	1
84	91	1
84	92	1
84	93	1
84	94	1
84	95	0.5
84	96	1
84	65	0.5
84	97	0.5
84	66	0.5
84	98	1
84	99	1
84	100	1
84	101	1
84	102	1
84	103	1
84	104	1
84	105	1
84	106	1
84	107	1
84	108	1
84	109	1
85	86	1
85	87	1
85	88	1
85	89	1
85	90	1
85	91	1
85	92	1
85	93	1
85	94	1
85	95	0.5
85	96	1
85	65	0.5
85	97	0.5
85	66	0.5
85	98	1
85	99	1
85	100	1
85	101	1
85	102	1
85	103	1
85	104	1
85	105	1
85	106	1
85	107	1
85	108	1
85	109	1
86	87	1
86	88	1
86	89	1
86	90	1
86	91	1
86	92	1
86	93	1
86	94	1
86	95	0.5
86	96	1
86	65	0.5
86	97	0.5
86	66	0.5
86	98	1
86	99	1
86	100	1
86	101	1
86	102	1
86	103	1
86	104	1
86	105	1
86	106	1
86	107	1
86	108	1
86	109	1
87	88	1
87	89	1
87	90	1
87	91	1
87	92	1
87	93	1
87	94	1
87	95	0.5
87	96	1
87	65	0.5
87	97	0.5
87	66	0.5
87	98	1
87	99	1
87	100	1
87	101	1
87	102	1
87	103	1
87	104	1
87	105	1
87	106	1
87	107	1
87	108	1
87	109	1
88	89	1
88	90	1
88	91	1
88	92	1
88	93	1
88	94	1
88	95	0.5
88	96	1
88	65	0.5
88	97	0.5
88	66	0.5
88	98	1
88	99	1
88	100	1
88	101	1
88	102	1
88	103	1
88	104	1
88	105	1
88	106	1
88	107	1
88	108	1
88	109	1
89	90	1
89	91	1
89	92	1
89	93	1
89	94	1
89	95	0.5
89	96	1
89	65	0.5
89	97	0.5
89	66	0.5
89	98	1
89	99	1
89	100	1
89	101	1
89	102	1
89	103	1
89	104	1
89	105	1
89	106	1
89	107	1
89	108	1
89	109	1
90	91	1
90	92	1
90	93	1
90	94	1
90	95	0.5
90	96	1
90	65	0.5
90	97	0.5
90	66	0.5
90	98	1
90	99	1
90	100	1
90	101	1
90	102	1
90	103	1
90	104	1
90	105	1
90	106	1
90	107	1
90	108	1
90	109	1
91	92	1
91	93	1
91	94	1
91	95	0.5
91	96	1
91	65	0.5
91	97	0.5
91	66	0.5
91	98	1
91	99	1
91	100	1
91	101	1
91	102	1
91	103	1
91	104	1
91	105	1
91	106	1
91	107	1
91	108	1
91	109	1
92	93	1
92	94	1
92	95	0.5
92	96	1
92	65	0.5
92	97	0.5
92	66	0.5
92	98	1
92	99	1
92	100	1
92	101	1
92	102	1
92	103	1
92	104	1
92	105	1
92	106	1
92	107	1
92	108	1
92	109	1
93	94	1
93	95	0.5
93	96	1
93	65	0.5
93	97	0.5
93	66	0.5
93	98	1
93	99	1
93	100	1
93	101	1
93	102	1
93	103	1
93	104	1
93	105	1
93	106	1
93	107	1
93	108	1
93	109	1
94	95	0.5
94	96	1
94	65	0.5
94	97	0.5
94	66	0.5
94	98	1
94	99	1
94	100	1
94	101	1
94	102	1
94	103	1
94	104	1
94	105	1
94	106	1
94	107	1
94	108	1
94	109	1
95	96	0.5
95	65	0.5
95	97	0.5
95	66	0.5
95	98	0.5
95	99	0.5
95	100	0.5
95	101	0.5
95	102	0.5
95	103	0.5
95	104	0.5
95	105	0.5
95	106	0.5
95	107	0.5
95	108	0.5
95	109	0.5
96	65	0.5
96	97	0.5
96	66	0.5
96	98	1
96	99	1
96	100	1
96	101	1
96	102	1
96	103	1
96	104	1
96	105	1
96	106	1
96	107	1
96	108	1
96	109	1
65	97	0.5
65	98	0.5
65	99	0.5
65	100	0.5
65	101	0.5
65	102	0.5
65	103	0.5
65	104	0.5
65	105	0.5
65	106	0.5
65	107	0.5
65	108	0.5
65	109	0.5
97	66	0.5
97	98	0.5
97	99	0.5
97	100	0.5
97	101	0.5
97	102	0.5
97	103	0.5
97	104	0.5
97	105	0.5
97	106	0.5
97	107	0.5
97	108	0.5
97	109	0.5
66	98	0.5
66	99	0.5
66	100	0.5
66	101	0.5
66	102	0.5
66	103	0.5
66	104	0.5
66	105	0.5
66	106	0.5
66	107	0.5
66	108	0.5
66	109	0.5
98	99	1
98	100	1
98	101	1
98	102	1
98	103	1
98	104	1
98	105	1
98	106	1
98	107	1
98	108	1
98	109	1
99	100	1
99	101	1
99	102	1
99	103	1
99	104	1
99	105	1
99	106	1
99	107	1
99	108	1
99	109	1
100	101	1
100	102	1
100	103	1
100	104	1
100	105	1
100	106	1
100	107	1
100	108	1
100	109	1
101	102	1
101	103	1
101	104	1
101	105	1
101	106	1
101	107	1
101	108	1
101	109	1
102	103	1
102	104	1
102	105	1
102	106	1
102	107	1
102	108	1
102	109	1
103	104	1
103	105	1
103	106	1
103	107	1
103	108	1
103	109	1
104	105	1
104	106	1
104	107	1
104	108	1
104	109	1
105	106	1
105	107	1
105	108	1
105	109	1
106	107	1
106	108	1
106	109	1
107	108	1
107	109	1
108	109	1
110	111	1
110	112	1
110	113	1
110	114	1
110	115	1
110	116	1
110	117	1
110	61	0.5
110	118	1
110	119	1
110	120	1
110	121	1
110	122	1
110	123	1
110	124	1
110	125	1
110	126	1
110	127	1
110	128	1
110	129	1
110	130	1
110	131	0.5
110	132	1
110	133	0.5
110	134	1
110	135	1
110	77	0.5
110	136	1
110	137	0.333333333333333
111	112	1
111	113	1
111	114	1
111	115	1
111	116	1
111	117	1
111	61	0.5
111	118	1
111	119	1
111	120	1
111	121	1
111	122	1
111	123	1
111	124	1
111	125	1
111	126	1
111	127	1
111	128	1
111	129	1
111	130	1
111	131	0.5
111	132	1
111	133	0.5
111	134	1
111	135	1
111	77	0.5
111	136	1
111	137	0.333333333333333
112	113	1
112	114	1
112	115	1
112	116	1
112	117	1
112	61	0.5
112	118	1
112	119	1
112	120	1
112	121	1
112	122	1
112	123	1
112	124	1
112	125	1
112	126	1
112	127	1
112	128	1
112	129	1
112	130	1
112	131	0.5
112	132	1
112	133	0.5
112	134	1
112	135	1
112	77	0.5
112	136	1
112	137	0.333333333333333
113	114	1
113	115	1
113	116	1
113	117	1
113	61	0.5
113	118	1
113	119	1
113	120	1
113	121	1
113	122	1
113	123	1
113	124	1
113	125	1
113	126	1
113	127	1
113	128	1
113	129	1
113	130	1
113	131	0.5
113	132	1
113	133	0.5
113	134	1
113	135	1
113	77	0.5
113	136	1
113	137	0.333333333333333
114	115	1
114	116	1
114	117	1
114	61	0.5
114	118	1
114	119	1
114	120	1
114	121	1
114	122	1
114	123	1
114	124	1
114	125	1
114	126	1
114	127	1
114	128	1
114	129	1
114	130	1
114	131	0.5
114	132	1
114	133	0.5
114	134	1
114	135	1
114	77	0.5
114	136	1
114	137	0.333333333333333
115	116	1
115	117	1
115	61	0.5
115	118	1
115	119	1
115	120	1
115	121	1
115	122	1
115	123	1
115	124	1
115	125	1
115	126	1
115	127	1
115	128	1
115	129	1
115	130	1
115	131	0.5
115	132	1
115	133	0.5
115	134	1
115	135	1
115	77	0.5
115	136	1
115	137	0.333333333333333
116	117	1
116	61	0.5
116	118	1
116	119	1
116	120	1
116	121	1
116	122	1
116	123	1
116	124	1
116	125	1
116	126	1
116	127	1
116	128	1
116	129	1
116	130	1
116	131	0.5
116	132	1
116	133	0.5
116	134	1
116	135	1
116	77	0.5
116	136	1
116	137	0.333333333333333
117	61	0.5
117	118	1
117	119	1
117	120	1
117	121	1
117	122	1
117	123	1
117	124	1
117	125	1
117	126	1
117	127	1
117	128	1
117	129	1
117	130	1
117	131	0.5
117	132	1
117	133	0.5
117	134	1
117	135	1
117	77	0.5
117	136	1
117	137	0.333333333333333
61	118	0.5
61	119	0.5
61	120	0.5
61	121	0.5
61	122	0.5
61	123	0.5
61	124	0.5
61	125	0.5
61	126	0.5
61	127	0.5
61	128	0.5
61	129	0.5
61	130	0.5
61	131	0.5
61	132	0.5
61	133	0.5
61	134	0.5
61	135	0.5
61	136	0.5
61	137	0.333333333333333
118	119	1
118	120	1
118	121	1
118	122	1
118	123	1
118	124	1
118	125	1
118	126	1
118	127	1
118	128	1
118	129	1
118	130	1
118	131	0.5
118	132	1
118	133	0.5
118	134	1
118	135	1
118	77	0.5
118	136	1
118	137	0.333333333333333
119	120	1
119	121	1
119	122	1
119	123	1
119	124	1
119	125	1
119	126	1
119	127	1
119	128	1
119	129	1
119	130	1
119	131	0.5
119	132	1
119	133	0.5
119	134	1
119	135	1
119	77	0.5
119	136	1
119	137	0.333333333333333
120	121	1
120	122	1
120	123	1
120	124	1
120	125	1
120	126	1
120	127	1
120	128	1
120	129	1
120	130	1
120	131	0.5
120	132	1
120	133	0.5
120	134	1
120	135	1
120	77	0.5
120	136	1
120	137	0.333333333333333
121	122	1
121	123	1
121	124	1
121	125	1
121	126	1
121	127	1
121	128	1
121	129	1
121	130	1
121	131	0.5
121	132	1
121	133	0.5
121	134	1
121	135	1
121	77	0.5
121	136	1
121	137	0.333333333333333
122	123	1
122	124	1
122	125	1
122	126	1
122	127	1
122	128	1
122	129	1
122	130	1
122	131	0.5
122	132	1
122	133	0.5
122	134	1
122	135	1
122	77	0.5
122	136	1
122	137	0.333333333333333
123	124	1
123	125	1
123	126	1
123	127	1
123	128	1
123	129	1
123	130	1
123	131	0.5
123	132	1
123	133	0.5
123	134	1
123	135	1
123	77	0.5
123	136	1
123	137	0.333333333333333
124	125	1
124	126	1
124	127	1
124	128	1
124	129	1
124	130	1
124	131	0.5
124	132	1
124	133	0.5
124	134	1
124	135	1
124	77	0.5
124	136	1
124	137	0.333333333333333
125	126	1
125	127	1
125	128	1
125	129	1
125	130	1
125	131	0.5
125	132	1
125	133	0.5
125	134	1
125	135	1
125	77	0.5
125	136	1
125	137	0.333333333333333
126	127	1
126	128	1
126	129	1
126	130	1
126	131	0.5
126	132	1
126	133	0.5
126	134	1
126	135	1
126	77	0.5
126	136	1
126	137	0.333333333333333
127	128	1
127	129	1
127	130	1
127	131	0.5
127	132	1
127	133	0.5
127	134	1
127	135	1
127	77	0.5
127	136	1
127	137	0.333333333333333
128	129	1
128	130	1
128	131	0.5
128	132	1
128	133	0.5
128	134	1
128	135	1
128	77	0.5
128	136	1
128	137	0.333333333333333
129	130	1
129	131	0.5
129	132	1
129	133	0.5
129	134	1
129	135	1
129	77	0.5
129	136	1
129	137	0.333333333333333
130	131	0.5
130	132	1
130	133	0.5
130	134	1
130	135	1
130	77	0.5
130	136	1
130	137	0.333333333333333
131	132	0.5
131	133	0.5
131	134	0.5
131	135	0.5
131	77	0.5
131	136	0.5
131	137	0.333333333333333
132	133	0.5
132	134	1
132	135	1
132	77	0.5
132	136	1
132	137	0.333333333333333
133	134	0.5
133	135	0.5
133	77	0.5
133	136	0.5
133	137	0.333333333333333
134	135	1
134	77	0.5
134	136	1
134	137	0.333333333333333
135	77	0.5
135	136	1
135	137	0.333333333333333
77	136	0.5
77	137	0.333333333333333
136	137	0.333333333333333
138	139	1
138	140	0.5
138	141	1
138	142	1
138	143	1
138	144	1
138	145	1
138	146	1
138	147	1
138	148	1
138	149	1
138	150	1
138	151	1
138	152	1
138	153	1
138	154	1
138	155	1
138	156	1
138	157	1
138	158	1
138	159	1
138	137	0.333333333333333
138	160	1
139	140	0.5
139	141	1
139	142	1
139	143	1
139	144	1
139	145	1
139	146	1
139	147	1
139	148	1
139	149	1
139	150	1
139	151	1
139	152	1
139	153	1
139	154	1
139	155	1
139	156	1
139	157	1
139	158	1
139	159	1
139	137	0.333333333333333
139	160	1
140	141	0.5
140	142	0.5
140	143	0.5
140	144	0.5
140	145	0.5
140	146	0.5
140	147	0.5
140	148	0.5
140	149	0.5
140	150	0.5
140	151	0.5
140	152	0.5
140	153	0.5
140	154	0.5
140	155	0.5
140	156	0.5
140	157	0.5
140	158	0.5
140	159	0.5
140	137	0.666666666666666
140	160	0.5
141	142	1
141	143	1
141	144	1
141	145	1
141	146	1
141	147	1
141	148	1
141	149	1
141	150	1
141	151	1
141	152	1
141	153	1
141	154	1
141	155	1
141	156	1
141	157	1
141	158	1
141	159	1
141	137	0.333333333333333
141	160	1
142	143	1
142	144	1
142	145	1
142	146	1
142	147	1
142	148	1
142	149	1
142	150	1
142	151	1
142	152	1
142	153	1
142	154	1
142	155	1
142	156	1
142	157	1
142	158	1
142	159	1
142	137	0.333333333333333
142	160	1
143	144	1
143	145	1
143	146	1
143	147	1
143	148	1
143	149	1
143	150	1
143	151	1
143	152	1
143	153	1
143	154	1
143	155	1
143	156	1
143	157	1
143	158	1
143	159	1
143	137	0.333333333333333
143	160	1
144	145	1
144	146	1
144	147	1
144	148	1
144	149	1
144	150	1
144	151	1
144	152	1
144	153	1
144	154	1
144	155	1
144	156	1
144	157	1
144	158	1
144	159	1
144	137	0.333333333333333
144	160	1
145	146	1
145	147	1
145	148	1
145	149	1
145	150	1
145	151	1
145	152	1
145	153	1
145	154	1
145	155	1
145	156	1
145	157	1
145	158	1
145	159	1
145	137	0.333333333333333
145	160	1
146	147	1
146	148	1
146	149	1
146	150	1
146	151	1
146	152	1
146	153	1
146	154	1
146	155	1
146	156	1
146	157	1
146	158	1
146	159	1
146	137	0.333333333333333
146	160	1
147	148	1
147	149	1
147	150	1
147	151	1
147	152	1
147	153	1
147	154	1
147	155	1
147	156	1
147	157	1
147	158	1
147	159	1
147	137	0.333333333333333
147	160	1
148	149	1
148	150	1
148	151	1
148	152	1
148	153	1
148	154	1
148	155	1
148	156	1
148	157	1
148	158	1
148	159	1
148	137	0.333333333333333
148	160	1
149	150	1
149	151	1
149	152	1
149	153	1
149	154	1
149	155	1
149	156	1
149	157	1
149	158	1
149	159	1
149	137	0.333333333333333
149	160	1
150	151	1
150	152	1
150	153	1
150	154	1
150	155	1
150	156	1
150	157	1
150	158	1
150	159	1
150	137	0.333333333333333
150	160	1
151	152	1
151	153	1
151	154	1
151	155	1
151	156	1
151	157	1
151	158	1
151	159	1
151	137	0.333333333333333
151	160	1
152	153	1
152	154	1
152	155	1
152	156	1
152	157	1
152	158	1
152	159	1
152	137	0.333333333333333
152	160	1
153	154	1
153	155	1
153	156	1
153	157	1
153	158	1
153	159	1
153	137	0.333333333333333
153	160	1
154	155	1
154	156	1
154	157	1
154	158	1
154	159	1
154	137	0.333333333333333
154	160	1
155	156	1
155	157	1
155	158	1
155	159	1
155	137	0.333333333333333
155	160	1
156	157	1
156	158	1
156	159	1
156	137	0.333333333333333
156	160	1
157	158	1
157	159	1
157	137	0.333333333333333
157	160	1
158	159	1
158	137	0.333333333333333
158	160	1
159	137	0.333333333333333
159	160	1
137	160	0.333333333333333
161	162	1
161	163	1
161	164	1
161	165	1
161	166	1
161	167	1
161	168	1
161	169	1
161	170	1
161	171	1
161	172	1
161	173	1
161	174	1
161	175	1
161	13	0.5
161	176	1
161	177	1
161	178	1
161	133	0.5
161	179	1
161	180	1
161	181	1
161	182	1
161	183	1
161	184	1
162	163	1
162	164	1
162	165	1
162	166	1
162	167	1
162	168	1
162	169	1
162	170	1
162	171	1
162	172	1
162	173	1
162	174	1
162	175	1
162	13	0.5
162	176	1
162	177	1
162	178	1
162	133	0.5
162	179	1
162	180	1
162	181	1
162	182	1
162	183	1
162	184	1
163	164	1
163	165	1
163	166	1
163	167	1
163	168	1
163	169	1
163	170	1
163	171	1
163	172	1
163	173	1
163	174	1
163	175	1
163	13	0.5
163	176	1
163	177	1
163	178	1
163	133	0.5
163	179	1
163	180	1
163	181	1
163	182	1
163	183	1
163	184	1
164	165	1
164	166	1
164	167	1
164	168	1
164	169	1
164	170	1
164	171	1
164	172	1
164	173	1
164	174	1
164	175	1
164	13	0.5
164	176	1
164	177	1
164	178	1
164	133	0.5
164	179	1
164	180	1
164	181	1
164	182	1
164	183	1
164	184	1
165	166	1
165	167	1
165	168	1
165	169	1
165	170	1
165	171	1
165	172	1
165	173	1
165	174	1
165	175	1
165	13	0.5
165	176	1
165	177	1
165	178	1
165	133	0.5
165	179	1
165	180	1
165	181	1
165	182	1
165	183	1
165	184	1
166	167	1
166	168	1
166	169	1
166	170	1
166	171	1
166	172	1
166	173	1
166	174	1
166	175	1
166	13	0.5
166	176	1
166	177	1
166	178	1
166	133	0.5
166	179	1
166	180	1
166	181	1
166	182	1
166	183	1
166	184	1
167	168	1
167	169	1
167	170	1
167	171	1
167	172	1
167	173	1
167	174	1
167	175	1
167	13	0.5
167	176	1
167	177	1
167	178	1
167	133	0.5
167	179	1
167	180	1
167	181	1
167	182	1
167	183	1
167	184	1
168	169	1
168	170	1
168	171	1
168	172	1
168	173	1
168	174	1
168	175	1
168	13	0.5
168	176	1
168	177	1
168	178	1
168	133	0.5
168	179	1
168	180	1
168	181	1
168	182	1
168	183	1
168	184	1
169	170	1
169	171	1
169	172	1
169	173	1
169	174	1
169	175	1
169	13	0.5
169	176	1
169	177	1
169	178	1
169	133	0.5
169	179	1
169	180	1
169	181	1
169	182	1
169	183	1
169	184	1
170	171	1
170	172	1
170	173	1
170	174	1
170	175	1
170	13	0.5
170	176	1
170	177	1
170	178	1
170	133	0.5
170	179	1
170	180	1
170	181	1
170	182	1
170	183	1
170	184	1
171	172	1
171	173	1
171	174	1
171	175	1
171	13	0.5
171	176	1
171	177	1
171	178	1
171	133	0.5
171	179	1
171	180	1
171	181	1
171	182	1
171	183	1
171	184	1
172	173	1
172	174	1
172	175	1
172	13	0.5
172	176	1
172	177	1
172	178	1
172	133	0.5
172	179	1
172	180	1
172	181	1
172	182	1
172	183	1
172	184	1
173	174	1
173	175	1
173	13	0.5
173	176	1
173	177	1
173	178	1
173	133	0.5
173	179	1
173	180	1
173	181	1
173	182	1
173	183	1
173	184	1
174	175	1
174	13	0.5
174	176	1
174	177	1
174	178	1
174	133	0.5
174	179	1
174	180	1
174	181	1
174	182	1
174	183	1
174	184	1
175	13	0.5
175	176	1
175	177	1
175	178	1
175	133	0.5
175	179	1
175	180	1
175	181	1
175	182	1
175	183	1
175	184	1
13	176	0.5
13	177	0.5
13	178	0.5
13	133	0.5
13	179	0.5
13	180	0.5
13	181	0.5
13	182	0.5
13	183	0.5
13	184	0.5
176	177	1
176	178	1
176	133	0.5
176	179	1
176	180	1
176	181	1
176	182	1
176	183	1
176	184	1
177	178	1
177	133	0.5
177	179	1
177	180	1
177	181	1
177	182	1
177	183	1
177	184	1
178	133	0.5
178	179	1
178	180	1
178	181	1
178	182	1
178	183	1
178	184	1
133	179	0.5
133	180	0.5
133	181	0.5
133	182	0.5
133	183	0.5
133	184	0.5
179	180	1
179	181	1
179	182	1
179	183	1
179	184	1
180	181	1
180	182	1
180	183	1
180	184	1
181	182	1
181	183	1
181	184	1
182	183	1
182	184	1
183	184	1
185	186	1
185	187	1
185	188	1
185	189	1
185	190	1
185	191	1
185	192	1
185	193	1
185	194	1
185	195	1
185	196	0.5
185	197	1
185	198	1
185	199	1
185	200	1
185	201	1
185	202	1
185	203	1
185	204	1
185	205	1
185	206	1
185	207	1
186	187	1
186	188	1
186	189	1
186	190	1
186	191	1
186	192	1
186	193	1
186	194	1
186	195	1
186	196	0.5
186	197	1
186	198	1
186	199	1
186	200	1
186	201	1
186	202	1
186	203	1
186	204	1
186	205	1
186	206	1
186	207	1
187	188	1
187	189	1
187	190	1
187	191	1
187	192	1
187	193	1
187	194	1
187	195	1
187	196	0.5
187	197	1
187	198	1
187	199	1
187	200	1
187	201	1
187	202	1
187	203	1
187	204	1
187	205	1
187	206	1
187	207	1
188	189	1
188	190	1
188	191	1
188	192	1
188	193	1
188	194	1
188	195	1
188	196	0.5
188	197	1
188	198	1
188	199	1
188	200	1
188	201	1
188	202	1
188	203	1
188	204	1
188	205	1
188	206	1
188	207	1
189	190	1
189	191	1
189	192	1
189	193	1
189	194	1
189	195	1
189	196	0.5
189	197	1
189	198	1
189	199	1
189	200	1
189	201	1
189	202	1
189	203	1
189	204	1
189	205	1
189	206	1
189	207	1
190	191	1
190	192	1
190	193	1
190	194	1
190	195	1
190	196	0.5
190	197	1
190	198	1
190	199	1
190	200	1
190	201	1
190	202	1
190	203	1
190	204	1
190	205	1
190	206	1
190	207	1
191	192	1
191	193	1
191	194	1
191	195	1
191	196	0.5
191	197	1
191	198	1
191	199	1
191	200	1
191	201	1
191	202	1
191	203	1
191	204	1
191	205	1
191	206	1
191	207	1
192	193	1
192	194	1
192	195	1
192	196	0.5
192	197	1
192	198	1
192	199	1
192	200	1
192	201	1
192	202	1
192	203	1
192	204	1
192	205	1
192	206	1
192	207	1
193	194	1
193	195	1
193	196	0.5
193	197	1
193	198	1
193	199	1
193	200	1
193	201	1
193	202	1
193	203	1
193	204	1
193	205	1
193	206	1
193	207	1
194	195	1
194	196	0.5
194	197	1
194	198	1
194	199	1
194	200	1
194	201	1
194	202	1
194	203	1
194	204	1
194	205	1
194	206	1
194	207	1
195	196	0.5
195	197	1
195	198	1
195	199	1
195	200	1
195	201	1
195	202	1
195	203	1
195	204	1
195	205	1
195	206	1
195	207	1
196	197	0.5
196	198	0.5
196	199	0.5
196	200	0.5
196	201	0.5
196	202	0.5
196	203	0.5
196	204	0.5
196	205	0.5
196	206	0.5
196	207	0.5
197	198	1
197	199	1
197	200	1
197	201	1
197	202	1
197	203	1
197	204	1
197	205	1
197	206	1
197	207	1
198	199	1
198	200	1
198	201	1
198	202	1
198	203	1
198	204	1
198	205	1
198	206	1
198	207	1
199	200	1
199	201	1
199	202	1
199	203	1
199	204	1
199	205	1
199	206	1
199	207	1
200	201	1
200	202	1
200	203	1
200	204	1
200	205	1
200	206	1
200	207	1
201	202	1
201	203	1
201	204	1
201	205	1
201	206	1
201	207	1
202	203	1
202	204	1
202	205	1
202	206	1
202	207	1
203	204	1
203	205	1
203	206	1
203	207	1
204	205	1
204	206	1
204	207	1
205	206	1
205	207	1
206	207	1
208	209	1
208	210	1
208	211	0.5
208	212	1
208	213	1
208	214	1
208	215	1
208	216	1
208	217	1
208	218	1
208	219	1
208	220	1
208	221	1
208	222	1
208	223	1
208	224	1
208	225	1
208	226	1
208	227	1
208	228	1
208	229	1
208	230	1
208	231	1
208	232	1
208	233	1
208	234	1
208	235	1
208	236	1
208	237	1
209	210	1
209	211	0.5
209	212	1
209	213	1
209	214	1
209	215	1
209	216	1
209	217	1
209	218	1
209	219	1
209	220	1
209	221	1
209	222	1
209	223	1
209	224	1
209	225	1
209	226	1
209	227	1
209	228	1
209	229	1
209	230	1
209	231	1
209	232	1
209	233	1
209	234	1
209	235	1
209	236	1
209	237	1
210	211	0.5
210	212	1
210	213	1
210	214	1
210	215	1
210	216	1
210	217	1
210	218	1
210	219	1
210	220	1
210	221	1
210	222	1
210	223	1
210	224	1
210	225	1
210	226	1
210	227	1
210	228	1
210	229	1
210	230	1
210	231	1
210	232	1
210	233	1
210	234	1
210	235	1
210	236	1
210	237	1
211	212	0.5
211	213	0.5
211	214	0.5
211	215	0.5
211	216	0.5
211	217	0.5
211	218	0.5
211	219	0.5
211	220	0.5
211	221	0.5
211	222	0.5
211	223	0.5
211	224	0.5
211	225	0.5
211	226	0.5
211	227	0.5
211	228	0.5
211	229	0.5
211	230	0.5
211	231	0.5
211	232	0.5
211	233	0.5
211	234	0.5
211	235	0.5
211	236	0.5
211	237	0.5
212	213	1
212	214	1
212	215	1
212	216	1
212	217	1
212	218	1
212	219	1
212	220	1
212	221	1
212	222	1
212	223	1
212	224	1
212	225	1
212	226	1
212	227	1
212	228	1
212	229	1
212	230	1
212	231	1
212	232	1
212	233	1
212	234	1
212	235	1
212	236	1
212	237	1
213	214	1
213	215	1
213	216	1
213	217	1
213	218	1
213	219	1
213	220	1
213	221	1
213	222	1
213	223	1
213	224	1
213	225	1
213	226	1
213	227	1
213	228	1
213	229	1
213	230	1
213	231	1
213	232	1
213	233	1
213	234	1
213	235	1
213	236	1
213	237	1
214	215	1
214	216	1
214	217	1
214	218	1
214	219	1
214	220	1
214	221	1
214	222	1
214	223	1
214	224	1
214	225	1
214	226	1
214	227	1
214	228	1
214	229	1
214	230	1
214	231	1
214	232	1
214	233	1
214	234	1
214	235	1
214	236	1
214	237	1
215	216	1
215	217	1
215	218	1
215	219	1
215	220	1
215	221	1
215	222	1
215	223	1
215	224	1
215	225	1
215	226	1
215	227	1
215	228	1
215	229	1
215	230	1
215	231	1
215	232	1
215	233	1
215	234	1
215	235	1
215	236	1
215	237	1
216	217	1
216	218	1
216	219	1
216	220	1
216	221	1
216	222	1
216	223	1
216	224	1
216	225	1
216	226	1
216	227	1
216	228	1
216	229	1
216	230	1
216	231	1
216	232	1
216	233	1
216	234	1
216	235	1
216	236	1
216	237	1
217	218	1
217	219	1
217	220	1
217	221	1
217	222	1
217	223	1
217	224	1
217	225	1
217	226	1
217	227	1
217	228	1
217	229	1
217	230	1
217	231	1
217	232	1
217	233	1
217	234	1
217	235	1
217	236	1
217	237	1
218	219	1
218	220	1
218	221	1
218	222	1
218	223	1
218	224	1
218	225	1
218	226	1
218	227	1
218	228	1
218	229	1
218	230	1
218	231	1
218	232	1
218	233	1
218	234	1
218	235	1
218	236	1
218	237	1
219	220	1
219	221	1
219	222	1
219	223	1
219	224	1
219	225	1
219	226	1
219	227	1
219	228	1
219	229	1
219	230	1
219	231	1
219	232	1
219	233	1
219	234	1
219	235	1
219	236	1
219	237	1
220	221	1
220	222	1
220	223	1
220	224	1
220	225	1
220	226	1
220	227	1
220	228	1
220	229	1
220	230	1
220	231	1
220	232	1
220	233	1
220	234	1
220	235	1
220	236	1
220	237	1
221	222	1
221	223	1
221	224	1
221	225	1
221	226	1
221	227	1
221	228	1
221	229	1
221	230	1
221	231	1
221	232	1
221	233	1
221	234	1
221	235	1
221	236	1
221	237	1
222	223	1
222	224	1
222	225	1
222	226	1
222	227	1
222	228	1
222	229	1
222	230	1
222	231	1
222	232	1
222	233	1
222	234	1
222	235	1
222	236	1
222	237	1
223	224	1
223	225	1
223	226	1
223	227	1
223	228	1
223	229	1
223	230	1
223	231	1
223	232	1
223	233	1
223	234	1
223	235	1
223	236	1
223	237	1
224	225	1
224	226	1
224	227	1
224	228	1
224	229	1
224	230	1
224	231	1
224	232	1
224	233	1
224	234	1
224	235	1
224	236	1
224	237	1
225	226	1
225	227	1
225	228	1
225	229	1
225	230	1
225	231	1
225	232	1
225	233	1
225	234	1
225	235	1
225	236	1
225	237	1
226	227	1
226	228	1
226	229	1
226	230	1
226	231	1
226	232	1
226	233	1
226	234	1
226	235	1
226	236	1
226	237	1
227	228	1
227	229	1
227	230	1
227	231	1
227	232	1
227	233	1
227	234	1
227	235	1
227	236	1
227	237	1
228	229	1
228	230	1
228	231	1
228	232	1
228	233	1
228	234	1
228	235	1
228	236	1
228	237	1
229	230	1
229	231	1
229	232	1
229	233	1
229	234	1
229	235	1
229	236	1
229	237	1
230	231	1
230	232	1
230	233	1
230	234	1
230	235	1
230	236	1
230	237	1
231	232	1
231	233	1
231	234	1
231	235	1
231	236	1
231	237	1
232	233	1
232	234	1
232	235	1
232	236	1
232	237	1
233	234	1
233	235	1
233	236	1
233	237	1
234	235	1
234	236	1
234	237	1
235	236	1
235	237	1
236	237	1
238	239	1
238	240	1
238	241	1
238	242	1
238	243	1
238	244	1
238	245	1
238	246	1
238	247	1
238	248	1
238	249	1
238	250	1
238	251	1
238	252	1
238	253	1
238	254	1
238	255	1
238	256	1
238	49	0.5
238	257	1
238	258	1
238	259	1
238	260	1
238	261	1
238	262	1
239	240	1
239	241	1
239	242	1
239	243	1
239	244	1
239	245	1
239	246	1
239	247	1
239	248	1
239	249	1
239	250	1
239	251	1
239	252	1
239	253	1
239	254	1
239	255	1
239	256	1
239	49	0.5
239	257	1
239	258	1
239	259	1
239	260	1
239	261	1
239	262	1
240	241	1
240	242	1
240	243	1
240	244	1
240	245	1
240	246	1
240	247	1
240	248	1
240	249	1
240	250	1
240	251	1
240	252	1
240	253	1
240	254	1
240	255	1
240	256	1
240	49	0.5
240	257	1
240	258	1
240	259	1
240	260	1
240	261	1
240	262	1
241	242	1
241	243	1
241	244	1
241	245	1
241	246	1
241	247	1
241	248	1
241	249	1
241	250	1
241	251	1
241	252	1
241	253	1
241	254	1
241	255	1
241	256	1
241	49	0.5
241	257	1
241	258	1
241	259	1
241	260	1
241	261	1
241	262	1
242	243	1
242	244	1
242	245	1
242	246	1
242	247	1
242	248	1
242	249	1
242	250	1
242	251	1
242	252	1
242	253	1
242	254	1
242	255	1
242	256	1
242	49	0.5
242	257	1
242	258	1
242	259	1
242	260	1
242	261	1
242	262	1
243	244	1
243	245	1
243	246	1
243	247	1
243	248	1
243	249	1
243	250	1
243	251	1
243	252	1
243	253	1
243	254	1
243	255	1
243	256	1
243	49	0.5
243	257	1
243	258	1
243	259	1
243	260	1
243	261	1
243	262	1
244	245	1
244	246	1
244	247	1
244	248	1
244	249	1
244	250	1
244	251	1
244	252	1
244	253	1
244	254	1
244	255	1
244	256	1
244	49	0.5
244	257	1
244	258	1
244	259	1
244	260	1
244	261	1
244	262	1
245	246	1
245	247	1
245	248	1
245	249	1
245	250	1
245	251	1
245	252	1
245	253	1
245	254	1
245	255	1
245	256	1
245	49	0.5
245	257	1
245	258	1
245	259	1
245	260	1
245	261	1
245	262	1
246	247	1
246	248	1
246	249	1
246	250	1
246	251	1
246	252	1
246	253	1
246	254	1
246	255	1
246	256	1
246	49	0.5
246	257	1
246	258	1
246	259	1
246	260	1
246	261	1
246	262	1
247	248	1
247	249	1
247	250	1
247	251	1
247	252	1
247	253	1
247	254	1
247	255	1
247	256	1
247	49	0.5
247	257	1
247	258	1
247	259	1
247	260	1
247	261	1
247	262	1
248	249	1
248	250	1
248	251	1
248	252	1
248	253	1
248	254	1
248	255	1
248	256	1
248	49	0.5
248	257	1
248	258	1
248	259	1
248	260	1
248	261	1
248	262	1
249	250	1
249	251	1
249	252	1
249	253	1
249	254	1
249	255	1
249	256	1
249	49	0.5
249	257	1
249	258	1
249	259	1
249	260	1
249	261	1
249	262	1
250	251	1
250	252	1
250	253	1
250	254	1
250	255	1
250	256	1
250	49	0.5
250	257	1
250	258	1
250	259	1
250	260	1
250	261	1
250	262	1
251	252	1
251	253	1
251	254	1
251	255	1
251	256	1
251	49	0.5
251	257	1
251	258	1
251	259	1
251	260	1
251	261	1
251	262	1
252	253	1
252	254	1
252	255	1
252	256	1
252	49	0.5
252	257	1
252	258	1
252	259	1
252	260	1
252	261	1
252	262	1
253	254	1
253	255	1
253	256	1
253	49	0.5
253	257	1
253	258	1
253	259	1
253	260	1
253	261	1
253	262	1
254	255	1
254	256	1
254	49	0.5
254	257	1
254	258	1
254	259	1
254	260	1
254	261	1
254	262	1
255	256	1
255	49	0.5
255	257	1
255	258	1
255	259	1
255	260	1
255	261	1
255	262	1
256	49	0.5
256	257	1
256	258	1
256	259	1
256	260	1
256	261	1
256	262	1
49	257	0.5
49	258	0.5
49	259	0.5
49	260	0.5
49	261	0.5
49	262	0.5
257	258	1
257	259	1
257	260	1
257	261	1
257	262	1
258	259	1
258	260	1
258	261	1
258	262	1
259	260	1
259	261	1
259	262	1
260	261	1
260	262	1
261	262	1
263	264	1
263	265	1
263	266	1
263	267	1
263	268	1
263	269	1
263	270	1
263	271	1
263	272	1
263	273	1
263	274	1
263	275	1
263	276	1
263	277	1
263	278	1
263	279	1
263	280	1
263	281	1
263	282	1
263	283	1
263	284	1
263	285	1
264	265	1
264	266	1
264	267	1
264	268	1
264	269	1
264	270	1
264	271	1
264	272	1
264	273	1
264	274	1
264	275	1
264	276	1
264	277	1
264	278	1
264	279	1
264	280	1
264	281	1
264	282	1
264	283	1
264	284	1
264	285	1
265	266	1
265	267	1
265	268	1
265	269	1
265	270	1
265	271	1
265	272	1
265	273	1
265	274	1
265	275	1
265	276	1
265	277	1
265	278	1
265	279	1
265	280	1
265	281	1
265	282	1
265	283	1
265	284	1
265	285	1
266	267	1
266	268	1
266	269	1
266	270	1
266	271	1
266	272	1
266	273	1
266	274	1
266	275	1
266	276	1
266	277	1
266	278	1
266	279	1
266	280	1
266	281	1
266	282	1
266	283	1
266	284	1
266	285	1
267	268	1
267	269	1
267	270	1
267	271	1
267	272	1
267	273	1
267	274	1
267	275	1
267	276	1
267	277	1
267	278	1
267	279	1
267	280	1
267	281	1
267	282	1
267	283	1
267	284	1
267	285	1
268	269	1
268	270	1
268	271	1
268	272	1
268	273	1
268	274	1
268	275	1
268	276	1
268	277	1
268	278	1
268	279	1
268	280	1
268	281	1
268	282	1
268	283	1
268	284	1
268	285	1
269	270	1
269	271	1
269	272	1
269	273	1
269	274	1
269	275	1
269	276	1
269	277	1
269	278	1
269	279	1
269	280	1
269	281	1
269	282	1
269	283	1
269	284	1
269	285	1
270	271	1
270	272	1
270	273	1
270	274	1
270	275	1
270	276	1
270	277	1
270	278	1
270	279	1
270	280	1
270	281	1
270	282	1
270	283	1
270	284	1
270	285	1
271	272	1
271	273	1
271	274	1
271	275	1
271	276	1
271	277	1
271	278	1
271	279	1
271	280	1
271	281	1
271	282	1
271	283	1
271	284	1
271	285	1
272	273	1
272	274	1
272	275	1
272	276	1
272	277	1
272	278	1
272	279	1
272	280	1
272	281	1
272	282	1
272	283	1
272	284	1
272	285	1
273	274	1
273	275	1
273	276	1
273	277	1
273	278	1
273	279	1
273	280	1
273	281	1
273	282	1
273	283	1
273	284	1
273	285	1
274	275	1
274	276	1
274	277	1
274	278	1
274	279	1
274	280	1
274	281	1
274	282	1
274	283	1
274	284	1
274	285	1
275	276	1
275	277	1
275	278	1
275	279	1
275	280	1
275	281	1
275	282	1
275	283	1
275	284	1
275	285	1
276	277	1
276	278	1
276	279	1
276	280	1
276	281	1
276	282	1
276	283	1
276	284	1
276	285	1
277	278	1
277	279	1
277	280	1
277	281	1
277	282	1
277	283	1
277	284	1
277	285	1
278	279	1
278	280	1
278	281	1
278	282	1
278	283	1
278	284	1
278	285	1
279	280	1
279	281	1
279	282	1
279	283	1
279	284	1
279	285	1
280	281	1
280	282	1
280	283	1
280	284	1
280	285	1
281	282	1
281	283	1
281	284	1
281	285	1
282	283	1
282	284	1
282	285	1
283	284	1
283	285	1
284	285	1
286	287	1
286	288	1
286	289	1
286	211	0.5
286	290	1
286	291	1
286	292	1
286	293	1
286	294	1
286	295	1
286	296	1
286	297	1
286	298	1
286	299	1
286	300	1
286	301	1
286	302	1
286	303	1
286	304	1
286	305	1
286	306	1
286	307	1
286	308	1
286	309	0.5
287	288	1
287	289	1
287	211	0.5
287	290	1
287	291	1
287	292	1
287	293	1
287	294	1
287	295	1
287	296	1
287	297	1
287	298	1
287	299	1
287	300	1
287	301	1
287	302	1
287	303	1
287	304	1
287	305	1
287	306	1
287	307	1
287	308	1
287	309	0.5
288	289	1
288	211	0.5
288	290	1
288	291	1
288	292	1
288	293	1
288	294	1
288	295	1
288	296	1
288	297	1
288	298	1
288	299	1
288	300	1
288	301	1
288	302	1
288	303	1
288	304	1
288	305	1
288	306	1
288	307	1
288	308	1
288	309	0.5
289	211	0.5
289	290	1
289	291	1
289	292	1
289	293	1
289	294	1
289	295	1
289	296	1
289	297	1
289	298	1
289	299	1
289	300	1
289	301	1
289	302	1
289	303	1
289	304	1
289	305	1
289	306	1
289	307	1
289	308	1
289	309	0.5
211	290	0.5
211	291	0.5
211	292	0.5
211	293	0.5
211	294	0.5
211	295	0.5
211	296	0.5
211	297	0.5
211	298	0.5
211	299	0.5
211	300	0.5
211	301	0.5
211	302	0.5
211	303	0.5
211	304	0.5
211	305	0.5
211	306	0.5
211	307	0.5
211	308	0.5
211	309	0.5
290	291	1
290	292	1
290	293	1
290	294	1
290	295	1
290	296	1
290	297	1
290	298	1
290	299	1
290	300	1
290	301	1
290	302	1
290	303	1
290	304	1
290	305	1
290	306	1
290	307	1
290	308	1
290	309	0.5
291	292	1
291	293	1
291	294	1
291	295	1
291	296	1
291	297	1
291	298	1
291	299	1
291	300	1
291	301	1
291	302	1
291	303	1
291	304	1
291	305	1
291	306	1
291	307	1
291	308	1
291	309	0.5
292	293	1
292	294	1
292	295	1
292	296	1
292	297	1
292	298	1
292	299	1
292	300	1
292	301	1
292	302	1
292	303	1
292	304	1
292	305	1
292	306	1
292	307	1
292	308	1
292	309	0.5
293	294	1
293	295	1
293	296	1
293	297	1
293	298	1
293	299	1
293	300	1
293	301	1
293	302	1
293	303	1
293	304	1
293	305	1
293	306	1
293	307	1
293	308	1
293	309	0.5
294	295	1
294	296	1
294	297	1
294	298	1
294	299	1
294	300	1
294	301	1
294	302	1
294	303	1
294	304	1
294	305	1
294	306	1
294	307	1
294	308	1
294	309	0.5
295	296	1
295	297	1
295	298	1
295	299	1
295	300	1
295	301	1
295	302	1
295	303	1
295	304	1
295	305	1
295	306	1
295	307	1
295	308	1
295	309	0.5
296	297	1
296	298	1
296	299	1
296	300	1
296	301	1
296	302	1
296	303	1
296	304	1
296	305	1
296	306	1
296	307	1
296	308	1
296	309	0.5
297	298	1
297	299	1
297	300	1
297	301	1
297	302	1
297	303	1
297	304	1
297	305	1
297	306	1
297	307	1
297	308	1
297	309	0.5
298	299	1
298	300	1
298	301	1
298	302	1
298	303	1
298	304	1
298	305	1
298	306	1
298	307	1
298	308	1
298	309	0.5
299	300	1
299	301	1
299	302	1
299	303	1
299	304	1
299	305	1
299	306	1
299	307	1
299	308	1
299	309	0.5
300	301	1
300	302	1
300	303	1
300	304	1
300	305	1
300	306	1
300	307	1
300	308	1
300	309	0.5
301	302	1
301	303	1
301	304	1
301	305	1
301	306	1
301	307	1
301	308	1
301	309	0.5
302	303	1
302	304	1
302	305	1
302	306	1
302	307	1
302	308	1
302	309	0.5
303	304	1
303	305	1
303	306	1
303	307	1
303	308	1
303	309	0.5
304	305	1
304	306	1
304	307	1
304	308	1
304	309	0.5
305	306	1
305	307	1
305	308	1
305	309	0.5
306	307	1
306	308	1
306	309	0.5
307	308	1
307	309	0.5
308	309	0.5
310	311	1
310	312	1
310	313	1
310	314	1
310	315	1
310	316	1
310	317	1
310	318	0.5
310	319	1
310	320	1
310	321	1
310	322	1
310	323	1
310	324	1
310	325	1
310	196	0.5
310	326	1
310	327	1
310	328	1
310	329	1
310	330	1
310	331	1
310	332	1
310	333	1
310	334	1
310	335	1
311	312	1
311	313	1
311	314	1
311	315	1
311	316	1
311	317	1
311	318	0.5
311	319	1
311	320	1
311	321	1
311	322	1
311	323	1
311	324	1
311	325	1
311	196	0.5
311	326	1
311	327	1
311	328	1
311	329	1
311	330	1
311	331	1
311	332	1
311	333	1
311	334	1
311	335	1
312	313	1
312	314	1
312	315	1
312	316	1
312	317	1
312	318	0.5
312	319	1
312	320	1
312	321	1
312	322	1
312	323	1
312	324	1
312	325	1
312	196	0.5
312	326	1
312	327	1
312	328	1
312	329	1
312	330	1
312	331	1
312	332	1
312	333	1
312	334	1
312	335	1
313	314	1
313	315	1
313	316	1
313	317	1
313	318	0.5
313	319	1
313	320	1
313	321	1
313	322	1
313	323	1
313	324	1
313	325	1
313	196	0.5
313	326	1
313	327	1
313	328	1
313	329	1
313	330	1
313	331	1
313	332	1
313	333	1
313	334	1
313	335	1
314	315	1
314	316	1
314	317	1
314	318	0.5
314	319	1
314	320	1
314	321	1
314	322	1
314	323	1
314	324	1
314	325	1
314	196	0.5
314	326	1
314	327	1
314	328	1
314	329	1
314	330	1
314	331	1
314	332	1
314	333	1
314	334	1
314	335	1
315	316	1
315	317	1
315	318	0.5
315	319	1
315	320	1
315	321	1
315	322	1
315	323	1
315	324	1
315	325	1
315	196	0.5
315	326	1
315	327	1
315	328	1
315	329	1
315	330	1
315	331	1
315	332	1
315	333	1
315	334	1
315	335	1
316	317	1
316	318	0.5
316	319	1
316	320	1
316	321	1
316	322	1
316	323	1
316	324	1
316	325	1
316	196	0.5
316	326	1
316	327	1
316	328	1
316	329	1
316	330	1
316	331	1
316	332	1
316	333	1
316	334	1
316	335	1
317	318	0.5
317	319	1
317	320	1
317	321	1
317	322	1
317	323	1
317	324	1
317	325	1
317	196	0.5
317	326	1
317	327	1
317	328	1
317	329	1
317	330	1
317	331	1
317	332	1
317	333	1
317	334	1
317	335	1
318	319	0.5
318	320	0.5
318	321	0.5
318	322	0.5
318	323	0.5
318	324	0.5
318	325	0.5
318	196	0.5
318	326	0.5
318	327	0.5
318	328	0.5
318	329	0.5
318	330	0.5
318	331	0.5
318	332	0.5
318	333	0.5
318	334	0.5
318	335	0.5
319	320	1
319	321	1
319	322	1
319	323	1
319	324	1
319	325	1
319	196	0.5
319	326	1
319	327	1
319	328	1
319	329	1
319	330	1
319	331	1
319	332	1
319	333	1
319	334	1
319	335	1
320	321	1
320	322	1
320	323	1
320	324	1
320	325	1
320	196	0.5
320	326	1
320	327	1
320	328	1
320	329	1
320	330	1
320	331	1
320	332	1
320	333	1
320	334	1
320	335	1
321	322	1
321	323	1
321	324	1
321	325	1
321	196	0.5
321	326	1
321	327	1
321	328	1
321	329	1
321	330	1
321	331	1
321	332	1
321	333	1
321	334	1
321	335	1
322	323	1
322	324	1
322	325	1
322	196	0.5
322	326	1
322	327	1
322	328	1
322	329	1
322	330	1
322	331	1
322	332	1
322	333	1
322	334	1
322	335	1
323	324	1
323	325	1
323	196	0.5
323	326	1
323	327	1
323	328	1
323	329	1
323	330	1
323	331	1
323	332	1
323	333	1
323	334	1
323	335	1
324	325	1
324	196	0.5
324	326	1
324	327	1
324	328	1
324	329	1
324	330	1
324	331	1
324	332	1
324	333	1
324	334	1
324	335	1
325	196	0.5
325	326	1
325	327	1
325	328	1
325	329	1
325	330	1
325	331	1
325	332	1
325	333	1
325	334	1
325	335	1
196	326	0.5
196	327	0.5
196	328	0.5
196	329	0.5
196	330	0.5
196	331	0.5
196	332	0.5
196	333	0.5
196	334	0.5
196	335	0.5
326	327	1
326	328	1
326	329	1
326	330	1
326	331	1
326	332	1
326	333	1
326	334	1
326	335	1
327	328	1
327	329	1
327	330	1
327	331	1
327	332	1
327	333	1
327	334	1
327	335	1
328	329	1
328	330	1
328	331	1
328	332	1
328	333	1
328	334	1
328	335	1
329	330	1
329	331	1
329	332	1
329	333	1
329	334	1
329	335	1
330	331	1
330	332	1
330	333	1
330	334	1
330	335	1
331	332	1
331	333	1
331	334	1
331	335	1
332	333	1
332	334	1
332	335	1
333	334	1
333	335	1
334	335	1
336	337	0.5
336	338	0.5
336	339	0.5
336	340	0.5
336	341	0.5
336	342	0.5
336	343	0.5
336	344	0.5
336	345	0.5
336	346	0.5
336	347	0.5
336	348	0.5
336	349	0.5
336	350	0.5
336	351	0.5
336	352	0.5
336	353	0.5
336	354	0.5
336	355	0.5
336	356	0.5
337	338	1
337	339	1
337	340	1
337	341	1
337	342	1
337	343	1
337	344	1
337	345	1
337	346	1
337	347	1
337	348	1
337	349	1
337	350	1
337	351	1
337	352	1
337	353	1
337	354	1
337	355	1
337	356	1
338	339	1
338	340	1
338	341	1
338	342	1
338	343	1
338	344	1
338	345	1
338	346	1
338	347	1
338	348	1
338	349	1
338	350	1
338	351	1
338	352	1
338	353	1
338	354	1
338	355	1
338	356	1
339	340	1
339	341	1
339	342	1
339	343	1
339	344	1
339	345	1
339	346	1
339	347	1
339	348	1
339	349	1
339	350	1
339	351	1
339	352	1
339	353	1
339	354	1
339	355	1
339	356	1
340	341	1
340	342	1
340	343	1
340	344	1
340	345	1
340	346	1
340	347	1
340	348	1
340	349	1
340	350	1
340	351	1
340	352	1
340	353	1
340	354	1
340	355	1
340	356	1
341	342	1
341	343	1
341	344	1
341	345	1
341	346	1
341	347	1
341	348	1
341	349	1
341	350	1
341	351	1
341	352	1
341	353	1
341	354	1
341	355	1
341	356	1
342	343	1
342	344	1
342	345	1
342	346	1
342	347	1
342	348	1
342	349	1
342	350	1
342	351	1
342	352	1
342	353	1
342	354	1
342	355	1
342	356	1
343	344	1
343	345	1
343	346	1
343	347	1
343	348	1
343	349	1
343	350	1
343	351	1
343	352	1
343	353	1
343	354	1
343	355	1
343	356	1
344	345	1
344	346	1
344	347	1
344	348	1
344	349	1
344	350	1
344	351	1
344	352	1
344	353	1
344	354	1
344	355	1
344	356	1
345	346	1
345	347	1
345	348	1
345	349	1
345	350	1
345	351	1
345	352	1
345	353	1
345	354	1
345	355	1
345	356	1
346	347	1
346	348	1
346	349	1
346	350	1
346	351	1
346	352	1
346	353	1
346	354	1
346	355	1
346	356	1
347	348	1
347	349	1
347	350	1
347	351	1
347	352	1
347	353	1
347	354	1
347	355	1
347	356	1
348	349	1
348	350	1
348	351	1
348	352	1
348	353	1
348	354	1
348	355	1
348	356	1
349	350	1
349	351	1
349	352	1
349	353	1
349	354	1
349	355	1
349	356	1
350	351	1
350	352	1
350	353	1
350	354	1
350	355	1
350	356	1
351	352	1
351	353	1
351	354	1
351	355	1
351	356	1
352	353	1
352	354	1
352	355	1
352	356	1
353	354	1
353	355	1
353	356	1
354	355	1
354	356	1
355	356	1
357	358	1
357	359	1
357	360	1
357	361	1
357	362	1
357	363	1
357	364	1
357	365	1
357	366	1
357	367	1
357	368	1
357	369	1
357	370	1
357	371	1
357	131	0.5
357	372	0.5
357	373	1
357	374	1
357	309	0.5
357	375	1
357	376	1
357	377	1
358	359	1
358	360	1
358	361	1
358	362	1
358	363	1
358	364	1
358	365	1
358	366	1
358	367	1
358	368	1
358	369	1
358	370	1
358	371	1
358	131	0.5
358	372	0.5
358	373	1
358	374	1
358	309	0.5
358	375	1
358	376	1
358	377	1
359	360	1
359	361	1
359	362	1
359	363	1
359	364	1
359	365	1
359	366	1
359	367	1
359	368	1
359	369	1
359	370	1
359	371	1
359	131	0.5
359	372	0.5
359	373	1
359	374	1
359	309	0.5
359	375	1
359	376	1
359	377	1
360	361	1
360	362	1
360	363	1
360	364	1
360	365	1
360	366	1
360	367	1
360	368	1
360	369	1
360	370	1
360	371	1
360	131	0.5
360	372	0.5
360	373	1
360	374	1
360	309	0.5
360	375	1
360	376	1
360	377	1
361	362	1
361	363	1
361	364	1
361	365	1
361	366	1
361	367	1
361	368	1
361	369	1
361	370	1
361	371	1
361	131	0.5
361	372	0.5
361	373	1
361	374	1
361	309	0.5
361	375	1
361	376	1
361	377	1
362	363	1
362	364	1
362	365	1
362	366	1
362	367	1
362	368	1
362	369	1
362	370	1
362	371	1
362	131	0.5
362	372	0.5
362	373	1
362	374	1
362	309	0.5
362	375	1
362	376	1
362	377	1
363	364	1
363	365	1
363	366	1
363	367	1
363	368	1
363	369	1
363	370	1
363	371	1
363	131	0.5
363	372	0.5
363	373	1
363	374	1
363	309	0.5
363	375	1
363	376	1
363	377	1
364	365	1
364	366	1
364	367	1
364	368	1
364	369	1
364	370	1
364	371	1
364	131	0.5
364	372	0.5
364	373	1
364	374	1
364	309	0.5
364	375	1
364	376	1
364	377	1
365	366	1
365	367	1
365	368	1
365	369	1
365	370	1
365	371	1
365	131	0.5
365	372	0.5
365	373	1
365	374	1
365	309	0.5
365	375	1
365	376	1
365	377	1
366	367	1
366	368	1
366	369	1
366	370	1
366	371	1
366	131	0.5
366	372	0.5
366	373	1
366	374	1
366	309	0.5
366	375	1
366	376	1
366	377	1
367	368	1
367	369	1
367	370	1
367	371	1
367	131	0.5
367	372	0.5
367	373	1
367	374	1
367	309	0.5
367	375	1
367	376	1
367	377	1
368	369	1
368	370	1
368	371	1
368	131	0.5
368	372	0.5
368	373	1
368	374	1
368	309	0.5
368	375	1
368	376	1
368	377	1
369	370	1
369	371	1
369	131	0.5
369	372	0.5
369	373	1
369	374	1
369	309	0.5
369	375	1
369	376	1
369	377	1
370	371	1
370	131	0.5
370	372	0.5
370	373	1
370	374	1
370	309	0.5
370	375	1
370	376	1
370	377	1
371	131	0.5
371	372	0.5
371	373	1
371	374	1
371	309	0.5
371	375	1
371	376	1
371	377	1
131	372	0.5
131	373	0.5
131	374	0.5
131	309	0.5
131	375	0.5
131	376	0.5
131	377	0.5
372	373	0.5
372	374	0.5
372	309	0.5
372	375	0.5
372	376	0.5
372	377	0.5
373	374	1
373	309	0.5
373	375	1
373	376	1
373	377	1
374	309	0.5
374	375	1
374	376	1
374	377	1
309	375	0.5
309	376	0.5
309	377	0.5
375	376	1
375	377	1
376	377	1
378	379	1
378	336	0.5
378	380	1
378	381	1
378	382	1
378	383	1
378	384	1
378	385	1
378	386	1
378	387	1
378	388	1
378	389	1
378	390	1
378	391	1
378	392	1
378	393	1
378	394	1
378	395	1
378	396	1
378	397	1
378	398	1
378	399	1
378	400	1
379	336	0.5
379	380	1
379	381	1
379	382	1
379	383	1
379	384	1
379	385	1
379	386	1
379	387	1
379	388	1
379	389	1
379	390	1
379	391	1
379	392	1
379	393	1
379	394	1
379	395	1
379	396	1
379	397	1
379	398	1
379	399	1
379	400	1
336	380	0.5
336	381	0.5
336	382	0.5
336	383	0.5
336	384	0.5
336	385	0.5
336	386	0.5
336	387	0.5
336	388	0.5
336	389	0.5
336	390	0.5
336	391	0.5
336	392	0.5
336	393	0.5
336	394	0.5
336	395	0.5
336	396	0.5
336	397	0.5
336	398	0.5
336	399	0.5
336	400	0.5
380	381	1
380	382	1
380	383	1
380	384	1
380	385	1
380	386	1
380	387	1
380	388	1
380	389	1
380	390	1
380	391	1
380	392	1
380	393	1
380	394	1
380	395	1
380	396	1
380	397	1
380	398	1
380	399	1
380	400	1
381	382	1
381	383	1
381	384	1
381	385	1
381	386	1
381	387	1
381	388	1
381	389	1
381	390	1
381	391	1
381	392	1
381	393	1
381	394	1
381	395	1
381	396	1
381	397	1
381	398	1
381	399	1
381	400	1
382	383	1
382	384	1
382	385	1
382	386	1
382	387	1
382	388	1
382	389	1
382	390	1
382	391	1
382	392	1
382	393	1
382	394	1
382	395	1
382	396	1
382	397	1
382	398	1
382	399	1
382	400	1
383	384	1
383	385	1
383	386	1
383	387	1
383	388	1
383	389	1
383	390	1
383	391	1
383	392	1
383	393	1
383	394	1
383	395	1
383	396	1
383	397	1
383	398	1
383	399	1
383	400	1
384	385	1
384	386	1
384	387	1
384	388	1
384	389	1
384	390	1
384	391	1
384	392	1
384	393	1
384	394	1
384	395	1
384	396	1
384	397	1
384	398	1
384	399	1
384	400	1
385	386	1
385	387	1
385	388	1
385	389	1
385	390	1
385	391	1
385	392	1
385	393	1
385	394	1
385	395	1
385	396	1
385	397	1
385	398	1
385	399	1
385	400	1
386	387	1
386	388	1
386	389	1
386	390	1
386	391	1
386	392	1
386	393	1
386	394	1
386	395	1
386	396	1
386	397	1
386	398	1
386	399	1
386	400	1
387	388	1
387	389	1
387	390	1
387	391	1
387	392	1
387	393	1
387	394	1
387	395	1
387	396	1
387	397	1
387	398	1
387	399	1
387	400	1
388	389	1
388	390	1
388	391	1
388	392	1
388	393	1
388	394	1
388	395	1
388	396	1
388	397	1
388	398	1
388	399	1
388	400	1
389	390	1
389	391	1
389	392	1
389	393	1
389	394	1
389	395	1
389	396	1
389	397	1
389	398	1
389	399	1
389	400	1
390	391	1
390	392	1
390	393	1
390	394	1
390	395	1
390	396	1
390	397	1
390	398	1
390	399	1
390	400	1
391	392	1
391	393	1
391	394	1
391	395	1
391	396	1
391	397	1
391	398	1
391	399	1
391	400	1
392	393	1
392	394	1
392	395	1
392	396	1
392	397	1
392	398	1
392	399	1
392	400	1
393	394	1
393	395	1
393	396	1
393	397	1
393	398	1
393	399	1
393	400	1
394	395	1
394	396	1
394	397	1
394	398	1
394	399	1
394	400	1
395	396	1
395	397	1
395	398	1
395	399	1
395	400	1
396	397	1
396	398	1
396	399	1
396	400	1
397	398	1
397	399	1
397	400	1
398	399	1
398	400	1
399	400	1
401	402	1
401	403	1
401	404	1
401	405	1
401	406	1
401	407	1
401	408	1
401	409	1
401	410	1
401	411	1
401	412	1
401	413	1
401	414	1
401	415	1
401	416	1
401	417	1
401	418	1
401	419	1
401	420	1
401	421	1
401	422	1
401	423	1
402	403	1
402	404	1
402	405	1
402	406	1
402	407	1
402	408	1
402	409	1
402	410	1
402	411	1
402	412	1
402	413	1
402	414	1
402	415	1
402	416	1
402	417	1
402	418	1
402	419	1
402	420	1
402	421	1
402	422	1
402	423	1
403	404	1
403	405	1
403	406	1
403	407	1
403	408	1
403	409	1
403	410	1
403	411	1
403	412	1
403	413	1
403	414	1
403	415	1
403	416	1
403	417	1
403	418	1
403	419	1
403	420	1
403	421	1
403	422	1
403	423	1
404	405	1
404	406	1
404	407	1
404	408	1
404	409	1
404	410	1
404	411	1
404	412	1
404	413	1
404	414	1
404	415	1
404	416	1
404	417	1
404	418	1
404	419	1
404	420	1
404	421	1
404	422	1
404	423	1
405	406	1
405	407	1
405	408	1
405	409	1
405	410	1
405	411	1
405	412	1
405	413	1
405	414	1
405	415	1
405	416	1
405	417	1
405	418	1
405	419	1
405	420	1
405	421	1
405	422	1
405	423	1
406	407	1
406	408	1
406	409	1
406	410	1
406	411	1
406	412	1
406	413	1
406	414	1
406	415	1
406	416	1
406	417	1
406	418	1
406	419	1
406	420	1
406	421	1
406	422	1
406	423	1
407	408	1
407	409	1
407	410	1
407	411	1
407	412	1
407	413	1
407	414	1
407	415	1
407	416	1
407	417	1
407	418	1
407	419	1
407	420	1
407	421	1
407	422	1
407	423	1
408	409	1
408	410	1
408	411	1
408	412	1
408	413	1
408	414	1
408	415	1
408	416	1
408	417	1
408	418	1
408	419	1
408	420	1
408	421	1
408	422	1
408	423	1
409	410	1
409	411	1
409	412	1
409	413	1
409	414	1
409	415	1
409	416	1
409	417	1
409	418	1
409	419	1
409	420	1
409	421	1
409	422	1
409	423	1
410	411	1
410	412	1
410	413	1
410	414	1
410	415	1
410	416	1
410	417	1
410	418	1
410	419	1
410	420	1
410	421	1
410	422	1
410	423	1
411	412	1
411	413	1
411	414	1
411	415	1
411	416	1
411	417	1
411	418	1
411	419	1
411	420	1
411	421	1
411	422	1
411	423	1
412	413	1
412	414	1
412	415	1
412	416	1
412	417	1
412	418	1
412	419	1
412	420	1
412	421	1
412	422	1
412	423	1
413	414	1
413	415	1
413	416	1
413	417	1
413	418	1
413	419	1
413	420	1
413	421	1
413	422	1
413	423	1
414	415	1
414	416	1
414	417	1
414	418	1
414	419	1
414	420	1
414	421	1
414	422	1
414	423	1
415	416	1
415	417	1
415	418	1
415	419	1
415	420	1
415	421	1
415	422	1
415	423	1
416	417	1
416	418	1
416	419	1
416	420	1
416	421	1
416	422	1
416	423	1
417	418	1
417	419	1
417	420	1
417	421	1
417	422	1
417	423	1
418	419	1
418	420	1
418	421	1
418	422	1
418	423	1
419	420	1
419	421	1
419	422	1
419	423	1
420	421	1
420	422	1
420	423	1
421	422	1
421	423	1
422	423	1
424	425	1
424	426	1
424	427	1
424	428	1
424	429	1
424	430	1
424	431	1
424	432	1
424	433	1
424	434	1
424	435	1
424	436	1
424	437	1
424	318	0.5
424	438	1
424	439	1
424	440	1
424	441	0.5
424	442	1
424	443	1
424	444	1
424	445	1
424	446	1
424	447	1
425	426	1
425	427	1
425	428	1
425	429	1
425	430	1
425	431	1
425	432	1
425	433	1
425	434	1
425	435	1
425	436	1
425	437	1
425	318	0.5
425	438	1
425	439	1
425	440	1
425	441	0.5
425	442	1
425	443	1
425	444	1
425	445	1
425	446	1
425	447	1
426	427	1
426	428	1
426	429	1
426	430	1
426	431	1
426	432	1
426	433	1
426	434	1
426	435	1
426	436	1
426	437	1
426	318	0.5
426	438	1
426	439	1
426	440	1
426	441	0.5
426	442	1
426	443	1
426	444	1
426	445	1
426	446	1
426	447	1
427	428	1
427	429	1
427	430	1
427	431	1
427	432	1
427	433	1
427	434	1
427	435	1
427	436	1
427	437	1
427	318	0.5
427	438	1
427	439	1
427	440	1
427	441	0.5
427	442	1
427	443	1
427	444	1
427	445	1
427	446	1
427	447	1
428	429	1
428	430	1
428	431	1
428	432	1
428	433	1
428	434	1
428	435	1
428	436	1
428	437	1
428	318	0.5
428	438	1
428	439	1
428	440	1
428	441	0.5
428	442	1
428	443	1
428	444	1
428	445	1
428	446	1
428	447	1
429	430	1
429	431	1
429	432	1
429	433	1
429	434	1
429	435	1
429	436	1
429	437	1
429	318	0.5
429	438	1
429	439	1
429	440	1
429	441	0.5
429	442	1
429	443	1
429	444	1
429	445	1
429	446	1
429	447	1
430	431	1
430	432	1
430	433	1
430	434	1
430	435	1
430	436	1
430	437	1
430	318	0.5
430	438	1
430	439	1
430	440	1
430	441	0.5
430	442	1
430	443	1
430	444	1
430	445	1
430	446	1
430	447	1
431	432	1
431	433	1
431	434	1
431	435	1
431	436	1
431	437	1
431	318	0.5
431	438	1
431	439	1
431	440	1
431	441	0.5
431	442	1
431	443	1
431	444	1
431	445	1
431	446	1
431	447	1
432	433	1
432	434	1
432	435	1
432	436	1
432	437	1
432	318	0.5
432	438	1
432	439	1
432	440	1
432	441	0.5
432	442	1
432	443	1
432	444	1
432	445	1
432	446	1
432	447	1
433	434	1
433	435	1
433	436	1
433	437	1
433	318	0.5
433	438	1
433	439	1
433	440	1
433	441	0.5
433	442	1
433	443	1
433	444	1
433	445	1
433	446	1
433	447	1
434	435	1
434	436	1
434	437	1
434	318	0.5
434	438	1
434	439	1
434	440	1
434	441	0.5
434	442	1
434	443	1
434	444	1
434	445	1
434	446	1
434	447	1
435	436	1
435	437	1
435	318	0.5
435	438	1
435	439	1
435	440	1
435	441	0.5
435	442	1
435	443	1
435	444	1
435	445	1
435	446	1
435	447	1
436	437	1
436	318	0.5
436	438	1
436	439	1
436	440	1
436	441	0.5
436	442	1
436	443	1
436	444	1
436	445	1
436	446	1
436	447	1
437	318	0.5
437	438	1
437	439	1
437	440	1
437	441	0.5
437	442	1
437	443	1
437	444	1
437	445	1
437	446	1
437	447	1
318	438	0.5
318	439	0.5
318	440	0.5
318	441	0.5
318	442	0.5
318	443	0.5
318	444	0.5
318	445	0.5
318	446	0.5
318	447	0.5
438	439	1
438	440	1
438	441	0.5
438	442	1
438	443	1
438	444	1
438	445	1
438	446	1
438	447	1
439	440	1
439	441	0.5
439	442	1
439	443	1
439	444	1
439	445	1
439	446	1
439	447	1
440	441	0.5
440	442	1
440	443	1
440	444	1
440	445	1
440	446	1
440	447	1
441	442	0.5
441	443	0.5
441	444	0.5
441	445	0.5
441	446	0.5
441	447	0.5
442	443	1
442	444	1
442	445	1
442	446	1
442	447	1
443	444	1
443	445	1
443	446	1
443	447	1
444	445	1
444	446	1
444	447	1
445	446	1
445	447	1
446	447	1
448	449	1
448	140	0.5
448	450	1
448	451	1
448	452	1
448	453	1
448	454	1
448	455	1
448	456	1
448	457	1
448	458	1
448	459	1
448	460	1
448	461	1
448	462	1
448	463	1
448	464	1
448	465	1
448	466	1
448	467	1
448	468	1
448	137	0.333333333333333
448	469	1
448	470	1
448	471	1
449	140	0.5
449	450	1
449	451	1
449	452	1
449	453	1
449	454	1
449	455	1
449	456	1
449	457	1
449	458	1
449	459	1
449	460	1
449	461	1
449	462	1
449	463	1
449	464	1
449	465	1
449	466	1
449	467	1
449	468	1
449	137	0.333333333333333
449	469	1
449	470	1
449	471	1
140	450	0.5
140	451	0.5
140	452	0.5
140	453	0.5
140	454	0.5
140	455	0.5
140	456	0.5
140	457	0.5
140	458	0.5
140	459	0.5
140	460	0.5
140	461	0.5
140	462	0.5
140	463	0.5
140	464	0.5
140	465	0.5
140	466	0.5
140	467	0.5
140	468	0.5
140	469	0.5
140	470	0.5
140	471	0.5
450	451	1
450	452	1
450	453	1
450	454	1
450	455	1
450	456	1
450	457	1
450	458	1
450	459	1
450	460	1
450	461	1
450	462	1
450	463	1
450	464	1
450	465	1
450	466	1
450	467	1
450	468	1
450	137	0.333333333333333
450	469	1
450	470	1
450	471	1
451	452	1
451	453	1
451	454	1
451	455	1
451	456	1
451	457	1
451	458	1
451	459	1
451	460	1
451	461	1
451	462	1
451	463	1
451	464	1
451	465	1
451	466	1
451	467	1
451	468	1
451	137	0.333333333333333
451	469	1
451	470	1
451	471	1
452	453	1
452	454	1
452	455	1
452	456	1
452	457	1
452	458	1
452	459	1
452	460	1
452	461	1
452	462	1
452	463	1
452	464	1
452	465	1
452	466	1
452	467	1
452	468	1
452	137	0.333333333333333
452	469	1
452	470	1
452	471	1
453	454	1
453	455	1
453	456	1
453	457	1
453	458	1
453	459	1
453	460	1
453	461	1
453	462	1
453	463	1
453	464	1
453	465	1
453	466	1
453	467	1
453	468	1
453	137	0.333333333333333
453	469	1
453	470	1
453	471	1
454	455	1
454	456	1
454	457	1
454	458	1
454	459	1
454	460	1
454	461	1
454	462	1
454	463	1
454	464	1
454	465	1
454	466	1
454	467	1
454	468	1
454	137	0.333333333333333
454	469	1
454	470	1
454	471	1
455	456	1
455	457	1
455	458	1
455	459	1
455	460	1
455	461	1
455	462	1
455	463	1
455	464	1
455	465	1
455	466	1
455	467	1
455	468	1
455	137	0.333333333333333
455	469	1
455	470	1
455	471	1
456	457	1
456	458	1
456	459	1
456	460	1
456	461	1
456	462	1
456	463	1
456	464	1
456	465	1
456	466	1
456	467	1
456	468	1
456	137	0.333333333333333
456	469	1
456	470	1
456	471	1
457	458	1
457	459	1
457	460	1
457	461	1
457	462	1
457	463	1
457	464	1
457	465	1
457	466	1
457	467	1
457	468	1
457	137	0.333333333333333
457	469	1
457	470	1
457	471	1
458	459	1
458	460	1
458	461	1
458	462	1
458	463	1
458	464	1
458	465	1
458	466	1
458	467	1
458	468	1
458	137	0.333333333333333
458	469	1
458	470	1
458	471	1
459	460	1
459	461	1
459	462	1
459	463	1
459	464	1
459	465	1
459	466	1
459	467	1
459	468	1
459	137	0.333333333333333
459	469	1
459	470	1
459	471	1
460	461	1
460	462	1
460	463	1
460	464	1
460	465	1
460	466	1
460	467	1
460	468	1
460	137	0.333333333333333
460	469	1
460	470	1
460	471	1
461	462	1
461	463	1
461	464	1
461	465	1
461	466	1
461	467	1
461	468	1
461	137	0.333333333333333
461	469	1
461	470	1
461	471	1
462	463	1
462	464	1
462	465	1
462	466	1
462	467	1
462	468	1
462	137	0.333333333333333
462	469	1
462	470	1
462	471	1
463	464	1
463	465	1
463	466	1
463	467	1
463	468	1
463	137	0.333333333333333
463	469	1
463	470	1
463	471	1
464	465	1
464	466	1
464	467	1
464	468	1
464	137	0.333333333333333
464	469	1
464	470	1
464	471	1
465	466	1
465	467	1
465	468	1
465	137	0.333333333333333
465	469	1
465	470	1
465	471	1
466	467	1
466	468	1
466	137	0.333333333333333
466	469	1
466	470	1
466	471	1
467	468	1
467	137	0.333333333333333
467	469	1
467	470	1
467	471	1
468	137	0.333333333333333
468	469	1
468	470	1
468	471	1
137	469	0.333333333333333
137	470	0.333333333333333
137	471	0.333333333333333
469	470	1
469	471	1
470	471	1
472	473	1
472	474	1
472	475	1
472	476	1
472	477	1
472	478	1
472	479	1
472	480	1
472	481	1
472	482	1
472	9	0.5
472	483	1
472	484	1
472	485	1
472	486	1
472	97	0.5
472	487	1
472	488	1
472	489	1
472	490	1
472	491	1
472	492	1
472	493	1
472	494	1
473	474	1
473	475	1
473	476	1
473	477	1
473	478	1
473	479	1
473	480	1
473	481	1
473	482	1
473	9	0.5
473	483	1
473	484	1
473	485	1
473	486	1
473	97	0.5
473	487	1
473	488	1
473	489	1
473	490	1
473	491	1
473	492	1
473	493	1
473	494	1
474	475	1
474	476	1
474	477	1
474	478	1
474	479	1
474	480	1
474	481	1
474	482	1
474	9	0.5
474	483	1
474	484	1
474	485	1
474	486	1
474	97	0.5
474	487	1
474	488	1
474	489	1
474	490	1
474	491	1
474	492	1
474	493	1
474	494	1
475	476	1
475	477	1
475	478	1
475	479	1
475	480	1
475	481	1
475	482	1
475	9	0.5
475	483	1
475	484	1
475	485	1
475	486	1
475	97	0.5
475	487	1
475	488	1
475	489	1
475	490	1
475	491	1
475	492	1
475	493	1
475	494	1
476	477	1
476	478	1
476	479	1
476	480	1
476	481	1
476	482	1
476	9	0.5
476	483	1
476	484	1
476	485	1
476	486	1
476	97	0.5
476	487	1
476	488	1
476	489	1
476	490	1
476	491	1
476	492	1
476	493	1
476	494	1
477	478	1
477	479	1
477	480	1
477	481	1
477	482	1
477	9	0.5
477	483	1
477	484	1
477	485	1
477	486	1
477	97	0.5
477	487	1
477	488	1
477	489	1
477	490	1
477	491	1
477	492	1
477	493	1
477	494	1
478	479	1
478	480	1
478	481	1
478	482	1
478	9	0.5
478	483	1
478	484	1
478	485	1
478	486	1
478	97	0.5
478	487	1
478	488	1
478	489	1
478	490	1
478	491	1
478	492	1
478	493	1
478	494	1
479	480	1
479	481	1
479	482	1
479	9	0.5
479	483	1
479	484	1
479	485	1
479	486	1
479	97	0.5
479	487	1
479	488	1
479	489	1
479	490	1
479	491	1
479	492	1
479	493	1
479	494	1
480	481	1
480	482	1
480	9	0.5
480	483	1
480	484	1
480	485	1
480	486	1
480	97	0.5
480	487	1
480	488	1
480	489	1
480	490	1
480	491	1
480	492	1
480	493	1
480	494	1
481	482	1
481	9	0.5
481	483	1
481	484	1
481	485	1
481	486	1
481	97	0.5
481	487	1
481	488	1
481	489	1
481	490	1
481	491	1
481	492	1
481	493	1
481	494	1
482	9	0.5
482	483	1
482	484	1
482	485	1
482	486	1
482	97	0.5
482	487	1
482	488	1
482	489	1
482	490	1
482	491	1
482	492	1
482	493	1
482	494	1
9	483	0.5
9	484	0.5
9	485	0.5
9	486	0.5
9	97	0.5
9	487	0.5
9	488	0.5
9	489	0.5
9	490	0.5
9	491	0.5
9	492	0.5
9	493	0.5
9	494	0.5
483	484	1
483	485	1
483	486	1
483	97	0.5
483	487	1
483	488	1
483	489	1
483	490	1
483	491	1
483	492	1
483	493	1
483	494	1
484	485	1
484	486	1
484	97	0.5
484	487	1
484	488	1
484	489	1
484	490	1
484	491	1
484	492	1
484	493	1
484	494	1
485	486	1
485	97	0.5
485	487	1
485	488	1
485	489	1
485	490	1
485	491	1
485	492	1
485	493	1
485	494	1
486	97	0.5
486	487	1
486	488	1
486	489	1
486	490	1
486	491	1
486	492	1
486	493	1
486	494	1
97	487	0.5
97	488	0.5
97	489	0.5
97	490	0.5
97	491	0.5
97	492	0.5
97	493	0.5
97	494	0.5
487	488	1
487	489	1
487	490	1
487	491	1
487	492	1
487	493	1
487	494	1
488	489	1
488	490	1
488	491	1
488	492	1
488	493	1
488	494	1
489	490	1
489	491	1
489	492	1
489	493	1
489	494	1
490	491	1
490	492	1
490	493	1
490	494	1
491	492	1
491	493	1
491	494	1
492	493	1
492	494	1
493	494	1
495	496	1
495	497	1
495	498	1
495	499	1
495	500	1
495	501	1
495	502	1
495	503	1
495	504	1
495	505	1
495	506	1
495	507	1
495	508	1
495	509	1
495	510	1
495	511	1
495	512	1
495	513	1
495	514	1
495	515	1
495	516	1
495	517	1
495	518	1
495	519	1
495	372	0.5
495	520	1
495	521	1
495	522	1
495	523	1
495	524	1
495	525	1
496	497	1
496	498	1
496	499	1
496	500	1
496	501	1
496	502	1
496	503	1
496	504	1
496	505	1
496	506	1
496	507	1
496	508	1
496	509	1
496	510	1
496	511	1
496	512	1
496	513	1
496	514	1
496	515	1
496	516	1
496	517	1
496	518	1
496	519	1
496	372	0.5
496	520	1
496	521	1
496	522	1
496	523	1
496	524	1
496	525	1
497	498	1
497	499	1
497	500	1
497	501	1
497	502	1
497	503	1
497	504	1
497	505	1
497	506	1
497	507	1
497	508	1
497	509	1
497	510	1
497	511	1
497	512	1
497	513	1
497	514	1
497	515	1
497	516	1
497	517	1
497	518	1
497	519	1
497	372	0.5
497	520	1
497	521	1
497	522	1
497	523	1
497	524	1
497	525	1
498	499	1
498	500	1
498	501	1
498	502	1
498	503	1
498	504	1
498	505	1
498	506	1
498	507	1
498	508	1
498	509	1
498	510	1
498	511	1
498	512	1
498	513	1
498	514	1
498	515	1
498	516	1
498	517	1
498	518	1
498	519	1
498	372	0.5
498	520	1
498	521	1
498	522	1
498	523	1
498	524	1
498	525	1
499	500	1
499	501	1
499	502	1
499	503	1
499	504	1
499	505	1
499	506	1
499	507	1
499	508	1
499	509	1
499	510	1
499	511	1
499	512	1
499	513	1
499	514	1
499	515	1
499	516	1
499	517	1
499	518	1
499	519	1
499	372	0.5
499	520	1
499	521	1
499	522	1
499	523	1
499	524	1
499	525	1
500	501	1
500	502	1
500	503	1
500	504	1
500	505	1
500	506	1
500	507	1
500	508	1
500	509	1
500	510	1
500	511	1
500	512	1
500	513	1
500	514	1
500	515	1
500	516	1
500	517	1
500	518	1
500	519	1
500	372	0.5
500	520	1
500	521	1
500	522	1
500	523	1
500	524	1
500	525	1
501	502	1
501	503	1
501	504	1
501	505	1
501	506	1
501	507	1
501	508	1
501	509	1
501	510	1
501	511	1
501	512	1
501	513	1
501	514	1
501	515	1
501	516	1
501	517	1
501	518	1
501	519	1
501	372	0.5
501	520	1
501	521	1
501	522	1
501	523	1
501	524	1
501	525	1
502	503	1
502	504	1
502	505	1
502	506	1
502	507	1
502	508	1
502	509	1
502	510	1
502	511	1
502	512	1
502	513	1
502	514	1
502	515	1
502	516	1
502	517	1
502	518	1
502	519	1
502	372	0.5
502	520	1
502	521	1
502	522	1
502	523	1
502	524	1
502	525	1
503	504	1
503	505	1
503	506	1
503	507	1
503	508	1
503	509	1
503	510	1
503	511	1
503	512	1
503	513	1
503	514	1
503	515	1
503	516	1
503	517	1
503	518	1
503	519	1
503	372	0.5
503	520	1
503	521	1
503	522	1
503	523	1
503	524	1
503	525	1
504	505	1
504	506	1
504	507	1
504	508	1
504	509	1
504	510	1
504	511	1
504	512	1
504	513	1
504	514	1
504	515	1
504	516	1
504	517	1
504	518	1
504	519	1
504	372	0.5
504	520	1
504	521	1
504	522	1
504	523	1
504	524	1
504	525	1
505	506	1
505	507	1
505	508	1
505	509	1
505	510	1
505	511	1
505	512	1
505	513	1
505	514	1
505	515	1
505	516	1
505	517	1
505	518	1
505	519	1
505	372	0.5
505	520	1
505	521	1
505	522	1
505	523	1
505	524	1
505	525	1
506	507	1
506	508	1
506	509	1
506	510	1
506	511	1
506	512	1
506	513	1
506	514	1
506	515	1
506	516	1
506	517	1
506	518	1
506	519	1
506	372	0.5
506	520	1
506	521	1
506	522	1
506	523	1
506	524	1
506	525	1
507	508	1
507	509	1
507	510	1
507	511	1
507	512	1
507	513	1
507	514	1
507	515	1
507	516	1
507	517	1
507	518	1
507	519	1
507	372	0.5
507	520	1
507	521	1
507	522	1
507	523	1
507	524	1
507	525	1
508	509	1
508	510	1
508	511	1
508	512	1
508	513	1
508	514	1
508	515	1
508	516	1
508	517	1
508	518	1
508	519	1
508	372	0.5
508	520	1
508	521	1
508	522	1
508	523	1
508	524	1
508	525	1
509	510	1
509	511	1
509	512	1
509	513	1
509	514	1
509	515	1
509	516	1
509	517	1
509	518	1
509	519	1
509	372	0.5
509	520	1
509	521	1
509	522	1
509	523	1
509	524	1
509	525	1
510	511	1
510	512	1
510	513	1
510	514	1
510	515	1
510	516	1
510	517	1
510	518	1
510	519	1
510	372	0.5
510	520	1
510	521	1
510	522	1
510	523	1
510	524	1
510	525	1
511	512	1
511	513	1
511	514	1
511	515	1
511	516	1
511	517	1
511	518	1
511	519	1
511	372	0.5
511	520	1
511	521	1
511	522	1
511	523	1
511	524	1
511	525	1
512	513	1
512	514	1
512	515	1
512	516	1
512	517	1
512	518	1
512	519	1
512	372	0.5
512	520	1
512	521	1
512	522	1
512	523	1
512	524	1
512	525	1
513	514	1
513	515	1
513	516	1
513	517	1
513	518	1
513	519	1
513	372	0.5
513	520	1
513	521	1
513	522	1
513	523	1
513	524	1
513	525	1
514	515	1
514	516	1
514	517	1
514	518	1
514	519	1
514	372	0.5
514	520	1
514	521	1
514	522	1
514	523	1
514	524	1
514	525	1
515	516	1
515	517	1
515	518	1
515	519	1
515	372	0.5
515	520	1
515	521	1
515	522	1
515	523	1
515	524	1
515	525	1
516	517	1
516	518	1
516	519	1
516	372	0.5
516	520	1
516	521	1
516	522	1
516	523	1
516	524	1
516	525	1
517	518	1
517	519	1
517	372	0.5
517	520	1
517	521	1
517	522	1
517	523	1
517	524	1
517	525	1
518	519	1
518	372	0.5
518	520	1
518	521	1
518	522	1
518	523	1
518	524	1
518	525	1
519	372	0.5
519	520	1
519	521	1
519	522	1
519	523	1
519	524	1
519	525	1
372	520	0.5
372	521	0.5
372	522	0.5
372	523	0.5
372	524	0.5
372	525	0.5
520	521	1
520	522	1
520	523	1
520	524	1
520	525	1
521	522	1
521	523	1
521	524	1
521	525	1
522	523	1
522	524	1
522	525	1
523	524	1
523	525	1
524	525	1
526	527	1
526	528	1
526	529	1
526	530	1
526	531	1
526	532	1
526	533	1
526	534	1
526	535	1
526	536	1
526	537	1
526	538	1
526	539	1
526	540	1
526	95	0.5
526	541	1
526	542	1
526	543	1
526	441	0.5
526	544	1
526	545	1
526	546	1
526	547	1
526	548	1
526	549	1
526	550	1
526	551	1
527	528	1
527	529	1
527	530	1
527	531	1
527	532	1
527	533	1
527	534	1
527	535	1
527	536	1
527	537	1
527	538	1
527	539	1
527	540	1
527	95	0.5
527	541	1
527	542	1
527	543	1
527	441	0.5
527	544	1
527	545	1
527	546	1
527	547	1
527	548	1
527	549	1
527	550	1
527	551	1
528	529	1
528	530	1
528	531	1
528	532	1
528	533	1
528	534	1
528	535	1
528	536	1
528	537	1
528	538	1
528	539	1
528	540	1
528	95	0.5
528	541	1
528	542	1
528	543	1
528	441	0.5
528	544	1
528	545	1
528	546	1
528	547	1
528	548	1
528	549	1
528	550	1
528	551	1
529	530	1
529	531	1
529	532	1
529	533	1
529	534	1
529	535	1
529	536	1
529	537	1
529	538	1
529	539	1
529	540	1
529	95	0.5
529	541	1
529	542	1
529	543	1
529	441	0.5
529	544	1
529	545	1
529	546	1
529	547	1
529	548	1
529	549	1
529	550	1
529	551	1
530	531	1
530	532	1
530	533	1
530	534	1
530	535	1
530	536	1
530	537	1
530	538	1
530	539	1
530	540	1
530	95	0.5
530	541	1
530	542	1
530	543	1
530	441	0.5
530	544	1
530	545	1
530	546	1
530	547	1
530	548	1
530	549	1
530	550	1
530	551	1
531	532	1
531	533	1
531	534	1
531	535	1
531	536	1
531	537	1
531	538	1
531	539	1
531	540	1
531	95	0.5
531	541	1
531	542	1
531	543	1
531	441	0.5
531	544	1
531	545	1
531	546	1
531	547	1
531	548	1
531	549	1
531	550	1
531	551	1
532	533	1
532	534	1
532	535	1
532	536	1
532	537	1
532	538	1
532	539	1
532	540	1
532	95	0.5
532	541	1
532	542	1
532	543	1
532	441	0.5
532	544	1
532	545	1
532	546	1
532	547	1
532	548	1
532	549	1
532	550	1
532	551	1
533	534	1
533	535	1
533	536	1
533	537	1
533	538	1
533	539	1
533	540	1
533	95	0.5
533	541	1
533	542	1
533	543	1
533	441	0.5
533	544	1
533	545	1
533	546	1
533	547	1
533	548	1
533	549	1
533	550	1
533	551	1
534	535	1
534	536	1
534	537	1
534	538	1
534	539	1
534	540	1
534	95	0.5
534	541	1
534	542	1
534	543	1
534	441	0.5
534	544	1
534	545	1
534	546	1
534	547	1
534	548	1
534	549	1
534	550	1
534	551	1
535	536	1
535	537	1
535	538	1
535	539	1
535	540	1
535	95	0.5
535	541	1
535	542	1
535	543	1
535	441	0.5
535	544	1
535	545	1
535	546	1
535	547	1
535	548	1
535	549	1
535	550	1
535	551	1
536	537	1
536	538	1
536	539	1
536	540	1
536	95	0.5
536	541	1
536	542	1
536	543	1
536	441	0.5
536	544	1
536	545	1
536	546	1
536	547	1
536	548	1
536	549	1
536	550	1
536	551	1
537	538	1
537	539	1
537	540	1
537	95	0.5
537	541	1
537	542	1
537	543	1
537	441	0.5
537	544	1
537	545	1
537	546	1
537	547	1
537	548	1
537	549	1
537	550	1
537	551	1
538	539	1
538	540	1
538	95	0.5
538	541	1
538	542	1
538	543	1
538	441	0.5
538	544	1
538	545	1
538	546	1
538	547	1
538	548	1
538	549	1
538	550	1
538	551	1
539	540	1
539	95	0.5
539	541	1
539	542	1
539	543	1
539	441	0.5
539	544	1
539	545	1
539	546	1
539	547	1
539	548	1
539	549	1
539	550	1
539	551	1
540	95	0.5
540	541	1
540	542	1
540	543	1
540	441	0.5
540	544	1
540	545	1
540	546	1
540	547	1
540	548	1
540	549	1
540	550	1
540	551	1
95	541	0.5
95	542	0.5
95	543	0.5
95	441	0.5
95	544	0.5
95	545	0.5
95	546	0.5
95	547	0.5
95	548	0.5
95	549	0.5
95	550	0.5
95	551	0.5
541	542	1
541	543	1
541	441	0.5
541	544	1
541	545	1
541	546	1
541	547	1
541	548	1
541	549	1
541	550	1
541	551	1
542	543	1
542	441	0.5
542	544	1
542	545	1
542	546	1
542	547	1
542	548	1
542	549	1
542	550	1
542	551	1
543	441	0.5
543	544	1
543	545	1
543	546	1
543	547	1
543	548	1
543	549	1
543	550	1
543	551	1
441	544	0.5
441	545	0.5
441	546	0.5
441	547	0.5
441	548	0.5
441	549	0.5
441	550	0.5
441	551	0.5
544	545	1
544	546	1
544	547	1
544	548	1
544	549	1
544	550	1
544	551	1
545	546	1
545	547	1
545	548	1
545	549	1
545	550	1
545	551	1
546	547	1
546	548	1
546	549	1
546	550	1
546	551	1
547	548	1
547	549	1
547	550	1
547	551	1
548	549	1
548	550	1
548	551	1
549	550	1
549	551	1
550	551	1
